show,id,name
Tulsa King,3732,Tulsa King (ViacomCBS Production)
Landman,3518,Landman (ViacomCBS Production)
Mayor of Kingstown,3822,Mayor of Kingstown (ViacomCBS Production)
Dutton Ranch,28284,Dutton Ranch (ViacomCBS Production)
Mobland,6496,Mobland (ViacomCBS Production)
The Madison,27112,The Madison (ViacomCBS Production)
Tracker,3223,Tracker (ViacomCBS Production)
NCIS: Tony & Ziva,14003,NCIS: Tony & Ziva (ViacomCBS Production)
Sheriff Country,15456,Sheriff Country (ViacomCBS Production)
Roofman,17798,Roofman (ViacomCBS Production)
Boston Blue,15398,Boston Blue (ViacomCBS Production)
Lioness,3502,Lioness (ViacomCBS Production)
Fire Country,3214,Fire Country (ViacomCBS Production)
Dexter: Resurrection,9976,Dexter: Resurrection (ViacomCBS Production)
The Naked Gun,15189,The Naked Gun (ViacomCBS Production)
Novocaine,13445,Novocaine (ViacomCBS Production)
NCIS,3236,NCIS (ViacomCBS Production)
The Contractor,18275,The Contractor (ViacomCBS Production)
NCIS: Origins,6305,NCIS: Origins (ViacomCBS Production)
FBI,11811,FBI (ViacomCBS Production)
