segment_name,structure
AAM - ViacomCBS Addressable / d0: Profiles | Super Hero Fans : VCBS Jul21,AAM-VCBS-Extension
AAM - ViacomCBS Addressable / d15: Profiles | DC : Franchise -,AAM-VCBS-Extension
AAM - ViacomCBS Addressable / d27: Extension | Blue Bloods : Paramount Wide,AAM-VCBS-Extension
AAM - ViacomCBS Addressable / d28: Profiles | Drama : Interest,AAM-VCBS-Extension
AAM-VCBS-d0: Profile | AT&T : Mobile Carrier - VCBS,AAM-VCBS-Extension
AAM-VCBS-d0: Profile | Android OS : Device OS - VCBS,AAM-VCBS-Extension
AAM-VCBS-d0: Profile | PrePaid : Mobile Carrier - VCBS,AAM-VCBS-Extension
AAM-VCBS-d0: Profile | Sprint : Mobile Carrier - VCBS,AAM-VCBS-Extension
AAM-VCBS-d0: Profile | T-Mobile : Mobile Carrier - VCBS,AAM-VCBS-Extension
AAM-VCBS-d0: Profile | Verizon : Mobile Carrier - VCBS,AAM-VCBS-Extension
AAM-VCBS-d0: Profile | Xbox One : Device - VCBS,AAM-VCBS-Extension
AAM-VCBS-d0: Profile | iOS : Device OS - VCBS,AAM-VCBS-Extension
AAM-VCBS-d0: Prospect | Streaming & OTT : Active/Interest - VCBS,AAM-VCBS-Extension
AAM-VCBS-d0: Visitor Profile | Fire TV : OTT Device - VCBS,AAM-VCBS-Extension
"AAM-VCBS-d0: Visitor Profile | iPhone NOT (XR, XS, XS Max) : Mobile Device - VCBS",AAM-VCBS-Extension
AAM-VCBS-d15: Profiles | DC : Franchise - Movies,AAM-VCBS-Extension
AAM-VCBS-d15: Profiles | Marvel : Franchise - Movies,AAM-VCBS-Extension
AAM-VCBS-d1: Demo | 19-24 (DEAN) : Age - VCBS,AAM-VCBS-Extension
AAM-VCBS-d1: Demo | 19-24 : Age - VCBS,AAM-VCBS-Extension
AAM-VCBS-d1: Demo | 25-34 (DEAN) : Age - VCBS,AAM-VCBS-Extension
AAM-VCBS-d1: Demo | 25-34 : Age - VCBS,AAM-VCBS-Extension
AAM-VCBS-d1: Demo | 35-44 (DEAN) : Age - VCBS,AAM-VCBS-Extension
AAM-VCBS-d1: Demo | 35-44 : Age - VCBS,AAM-VCBS-Extension
AAM-VCBS-d1: Demo | 45-54 (DEAN) : Age - VCBS,AAM-VCBS-Extension
AAM-VCBS-d1: Demo | 45-54 : Age - VCBS,AAM-VCBS-Extension
AAM-VCBS-d1: Demo | 55-64 (DEAN) : Age - VCBS,AAM-VCBS-Extension
AAM-VCBS-d1: Demo | 55-64 : Age - VCBS,AAM-VCBS-Extension
AAM-VCBS-d1: Demo | 65+ (DEAN) : Age - VCBS,AAM-VCBS-Extension
AAM-VCBS-d1: Demo | 65+ : Age - VCBS,AAM-VCBS-Extension
AAM-VCBS-d1: Demo | Female (DEAN) : Gender - VCBS,AAM-VCBS-Extension
AAM-VCBS-d1: Demo | Female : Gender - VCBS,AAM-VCBS-Extension
AAM-VCBS-d1: Demo | Male (DEAN) : Gender - VCBS,AAM-VCBS-Extension
AAM-VCBS-d1: Demo | Male : Gender - VCBS,AAM-VCBS-Extension
AAM-VCBS-d20: Extension | A Season With : Stream Paramount Wide,AAM-VCBS-Extension
AAM-VCBS-d20: Extension | Action (Showtime) : Stream Paramount Wide,AAM-VCBS-Extension
AAM-VCBS-d20: Extension | Air Warriors : Stream Paramount Wide,AAM-VCBS-Extension
AAM-VCBS-d20: Extension | All Access (Showtime) : Stream Paramount Wide,AAM-VCBS-Extension
AAM-VCBS-d20: Extension | American Gigolo : Stream VCBS Wide,AAM-VCBS-Extension
AAM-VCBS-d20: Extension | Before I Forget : Stream VCBS Wide,AAM-VCBS-Extension
AAM-VCBS-d20: Extension | Billions : Stream Paramount Wide,AAM-VCBS-Extension
AAM-VCBS-d20: Extension | CMT Shows - Paramount+,AAM-VCBS-Extension
AAM-VCBS-d20: Extension | Californication : Stream Paramount Wide,AAM-VCBS-Extension
AAM-VCBS-d20: Extension | Catching Lightning : Stream Paramount Wide,AAM-VCBS-Extension
AAM-VCBS-d20: Extension | Cecilia: Paramount Wide,AAM-VCBS-Extension
AAM-VCBS-d20: Extension | City on a Hill : Stream VCBS Wide,AAM-VCBS-Extension
AAM-VCBS-d20: Extension | Couples Therapy : Stream Paramount Wide,AAM-VCBS-Extension
AAM-VCBS-d20: Extension | Dexter : Stream Paramount Wide,AAM-VCBS-Extension
AAM-VCBS-d20: Extension | Dreaming Whilst Black : Stream Paramount Wide,AAM-VCBS-Extension
AAM-VCBS-d20: Extension | Edgy & Young Adult Fans Segment : Stream Paramount Wide,AAM-VCBS-Extension
AAM-VCBS-d20: Extension | George & Tammy : Stream VCBS Wide,AAM-VCBS-Extension
AAM-VCBS-d20: Extension | Ghosts of Beirut : Stream Paramount Wide,AAM-VCBS-Extension
AAM-VCBS-d20: Extension | High Stakes Drama Fans Segment : Stream Paramount Wide,AAM-VCBS-Extension
AAM-VCBS-d20: Extension | Homeland : Stream Paramount Wide,AAM-VCBS-Extension
AAM-VCBS-d20: Extension | Let the Right One In : Stream VCBS Wide,AAM-VCBS-Extension
AAM-VCBS-d20: Extension | Love That For You : Stream VCBS Wide,AAM-VCBS-Extension
AAM-VCBS-d20: Extension | Murder in Big Horn : Stream Paramount Wide,AAM-VCBS-Extension
AAM-VCBS-d20: Extension | Outcry : Stream Paramount Wide,AAM-VCBS-Extension
AAM-VCBS-d20: Extension | Parot : Stream VCBS Wide,AAM-VCBS-Extension
AAM-VCBS-d20: Extension | Personality Crisis: One Night Only : Movie - Paramount+,AAM-VCBS-Extension
AAM-VCBS-d20: Extension | Picard: Season 2 Viewer: Stream Paramount Wide,AAM-VCBS-Extension
AAM-VCBS-d20: Extension | Procedural Drama Fans Segment : Stream Paramount Wide,AAM-VCBS-Extension
AAM-VCBS-d20: Extension | Ray Donovan : Stream Paramount Wide,AAM-VCBS-Extension
AAM-VCBS-d20: Extension | Reality Fans Segment : Stream Paramount Wide,AAM-VCBS-Extension
AAM-VCBS-d20: Extension | S.O.G.: The Book of Ward : Movie - Paramount+,AAM-VCBS-Extension
AAM-VCBS-d20: Extension | STAND - Paramount+,AAM-VCBS-Extension
AAM-VCBS-d20: Extension | Sci-Fi/Fantasy Fans Segment : Stream Paramount Wide,AAM-VCBS-Extension
AAM-VCBS-d20: Extension | Shameless : Stream Paramount Wide,AAM-VCBS-Extension
AAM-VCBS-d20: Extension | Showtime Championship Boxing : Stream Paramount Wide,AAM-VCBS-Extension
AAM-VCBS-d20: Extension | Shut Up and Dribble : Stream Paramount Wide,AAM-VCBS-Extension
AAM-VCBS-d20: Extension | Sitcoms & Light Drama Fans Segment : Stream Paramount Wide,AAM-VCBS-Extension
AAM-VCBS-d20: Extension | THE REVEAL with Mark Kriegel : Stream Paramount Wide,AAM-VCBS-Extension
AAM-VCBS-d20: Extension | The Affair : Stream VCBS Wide,AAM-VCBS-Extension
AAM-VCBS-d20: Extension | The Chi: Stream VCBS Wide,AAM-VCBS-Extension
AAM-VCBS-d20: Extension | The Circus : Stream Paramount Wide,AAM-VCBS-Extension
AAM-VCBS-d20: Extension | The Kings : Stream Paramount Wide,AAM-VCBS-Extension
AAM-VCBS-d20: Extension | The L Word: Generation Q : Stream VCBS Wide,AAM-VCBS-Extension
AAM-VCBS-d20: Extension | The Lincoln Project : Stream VCBS Wide,AAM-VCBS-Extension
AAM-VCBS-d20: Extension | The Tudors : Stream Paramount Wide,AAM-VCBS-Extension
AAM-VCBS-d20: Extension | Vice : Stream Paramount Wide,AAM-VCBS-Extension
AAM-VCBS-d20: Extension | Waco: The Aftermath : Stream Paramount Wide,AAM-VCBS-Extension
AAM-VCBS-d20: Extension | When You Least Expect It : Stream VCBS Wide,AAM-VCBS-Extension
AAM-VCBS-d20: Extension | Yellowjackets : Paramount Wide,AAM-VCBS-Extension
AAM-VCBS-d20: Extension | Your Honor : Stream VCBS Wide,AAM-VCBS-Extension
AAM-VCBS-d20: Extension | Ziwe : Stream VCBS Wide,AAM-VCBS-Extension
AAM-VCBS-d27: Extension | America's Test Kitchen : Paramount Wide,AAM-VCBS-Extension
AAM-VCBS-d27: Extension | Antiques Road Show : Paramount Wide,AAM-VCBS-Extension
AAM-VCBS-d27: Extension | Antiques Road Trip : Paramount Wide,AAM-VCBS-Extension
AAM-VCBS-d27: Extension | Bar Rescue : Paramount Wide,AAM-VCBS-Extension
AAM-VCBS-d27: Extension | Baywatch : Paramount Wide,AAM-VCBS-Extension
AAM-VCBS-d27: Extension | Beverly Hills 90210 : Paramount Wide,AAM-VCBS-Extension
AAM-VCBS-d27: Extension | COPS : Paramount Wide,AAM-VCBS-Extension
AAM-VCBS-d27: Extension | Cheaters : Paramount Wide,AAM-VCBS-Extension
AAM-VCBS-d27: Extension | Cold Case Files : Paramount Wide,AAM-VCBS-Extension
AAM-VCBS-d27: Extension | Dallas Cowboys Cheerleaders : Paramount Wide,AAM-VCBS-Extension
AAM-VCBS-d27: Extension | Dark Shadows : Paramount Wide,AAM-VCBS-Extension
AAM-VCBS-d27: Extension | Dateline NBC: Paramount Wide,AAM-VCBS-Extension
AAM-VCBS-d27: Extension | Deal or No Deal : Paramount Wide,AAM-VCBS-Extension
AAM-VCBS-d27: Extension | Degrassi : Paramount Wide,AAM-VCBS-Extension
AAM-VCBS-d27: Extension | Dog The Bounty Hunter : Paramount Wide,AAM-VCBS-Extension
AAM-VCBS-d27: Extension | Fear Factor : Paramount Wide,AAM-VCBS-Extension
AAM-VCBS-d27: Extension | Forensic Files: Paramount Wide,AAM-VCBS-Extension
AAM-VCBS-d27: Extension | Happy Days : Paramount Wide,AAM-VCBS-Extension
AAM-VCBS-d27: Extension | Heartland : Paramount Wide,AAM-VCBS-Extension
AAM-VCBS-d27: Extension | Hell's Kitchen : Paramount Wide,AAM-VCBS-Extension
AAM-VCBS-d27: Extension | Hot Bench : Paramount Wide,AAM-VCBS-Extension
AAM-VCBS-d27: Extension | Iron Chef : Paramount Wide,AAM-VCBS-Extension
AAM-VCBS-d27: Extension | Jeopardy : Paramount Wide,AAM-VCBS-Extension
AAM-VCBS-d27: Extension | Julia at Home : Paramount Wide,AAM-VCBS-Extension
AAM-VCBS-d27: Extension | Love & Hip Hop : Paramount Wide,AAM-VCBS-Extension
AAM-VCBS-d27: Extension | Matlock : Paramount Wide,AAM-VCBS-Extension
AAM-VCBS-d27: Extension | Midsomer Murders : Paramount Wide,AAM-VCBS-Extension
AAM-VCBS-d27: Extension | Mystery Science Theater 3000 : Paramount Wide,AAM-VCBS-Extension
AAM-VCBS-d27: Extension | Naruto : Paramount Wide,AAM-VCBS-Extension
AAM-VCBS-d27: Extension | Rawhide : Paramount Wide,AAM-VCBS-Extension
AAM-VCBS-d27: Extension | Rescue 911 : Paramount Wide,AAM-VCBS-Extension
AAM-VCBS-d27: Extension | Rifleman : Paramount Wide,AAM-VCBS-Extension
AAM-VCBS-d27: Extension | Stargate : Paramount Wide,AAM-VCBS-Extension
AAM-VCBS-d27: Extension | The Addams Family : Paramount Wide,AAM-VCBS-Extension
AAM-VCBS-d27: Extension | The Best of the Carol Burnett Show : Paramount Wide,AAM-VCBS-Extension
AAM-VCBS-d27: Extension | The Best of the Ed Sullivan Show : Paramount Wide,AAM-VCBS-Extension
AAM-VCBS-d27: Extension | The Beverly Hillbillies : Paramount Wide,AAM-VCBS-Extension
AAM-VCBS-d27: Extension | The Johnny Carson Show : Paramount Wide,AAM-VCBS-Extension
AAM-VCBS-d27: Extension | The Love Boat : Paramount Wide,AAM-VCBS-Extension
AAM-VCBS-d27: Extension | The New Detectives : Paramount Wide,AAM-VCBS-Extension
AAM-VCBS-d27: Extension | The Walking Dead : Paramount Wide,AAM-VCBS-Extension
AAM-VCBS-d27: Extension | Three's Company : Paramount Wide,AAM-VCBS-Extension
AAM-VCBS-d27: Extension | Tiny House Nation : Paramount Wide,AAM-VCBS-Extension
AAM-VCBS-d27: Extension | Top Gear : Paramount Wide,AAM-VCBS-Extension
AAM-VCBS-d27: Extension | Unsolved Mysteries : Paramount Wide,AAM-VCBS-Extension
AAM-VCBS-d27: Extension | Wanted Dead or Alive : Paramount Wide,AAM-VCBS-Extension
AAM-VCBS-d27: Extension | Wheel of Fortune : Paramount Wide,AAM-VCBS-Extension
AAM-VCBS-d27: Extension | Yu-Gi-Oh! : Paramount Wide,AAM-VCBS-Extension
AAM-VCBS-d28: Profiles | Awesomeness TV : Content Entity - Paramount,AAM-VCBS-Extension
AAM-VCBS-d28: Profiles | BET : Content Brand Interest - VCBS,AAM-VCBS-Extension
AAM-VCBS-d28: Profiles | BET : Content Entity - Paramount,AAM-VCBS-Extension
AAM-VCBS-d28: Profiles | BET : Interest - VCBS,AAM-VCBS-Extension
AAM-VCBS-d28: Profiles | CBS : Content Brand Interest - VCBS,AAM-VCBS-Extension
AAM-VCBS-d28: Profiles | CMT : Content Entity - Paramount,AAM-VCBS-Extension
AAM-VCBS-d28: Profiles | Comedy Central : Content Entity - Paramount,AAM-VCBS-Extension
AAM-VCBS-d28: Profiles | Dabl : Content Entity - Paramount,AAM-VCBS-Extension
AAM-VCBS-d28: Profiles | Logo : Content Entity - Paramount,AAM-VCBS-Extension
AAM-VCBS-d28: Profiles | MTV : Content Entity - Paramount,AAM-VCBS-Extension
AAM-VCBS-d28: Profiles | Movie : Interest - VCBS,AAM-VCBS-Extension
AAM-VCBS-d28: Profiles | Smithsonian : Content Entity - Paramount,AAM-VCBS-Extension
AAM-VCBS-d28: Profiles | Smithsonian Channel : Content Brand Interest - VCBS,AAM-VCBS-Extension
AAM-VCBS-d28: Profiles | TV & Movies : Interest - VCBS,AAM-VCBS-Extension
AAM-VCBS-d28: Profiles | TVLand : Content Entity - Paramount,AAM-VCBS-Extension
AAM-VCBS-d28: Profiles | VH1 : Content Entity - Paramount,AAM-VCBS-Extension
AAM-VCBS-d35: Profiles | BeautyCon : Event - VCBS,AAM-VCBS-Extension
AAM-VCBS-d36: App | All Access : Android,AAM-VCBS-Extension
AAM-VCBS-d36: App | All Access : iOS,AAM-VCBS-Extension
AAM-VCBS-d36: App | ET Live : Android,AAM-VCBS-Extension
AAM-VCBS-d36: App | ET Live : iOS,AAM-VCBS-Extension
AAM-VCBS-d36: App | Maxpreps : Android,AAM-VCBS-Extension
AAM-VCBS-d36: App | Maxpreps : iOS,AAM-VCBS-Extension
AAM-VCBS-d36: Apps | Roku Apple TV : VCBS,AAM-VCBS-Extension
AAM-VCBS-d36: OTT | All Access : Android TV,AAM-VCBS-Extension
AAM-VCBS-d36: OTT | All Access : Apple TV,AAM-VCBS-Extension
AAM-VCBS-d36: OTT | All Access : Fire TV,AAM-VCBS-Extension
AAM-VCBS-d36: OTT | All Access : Roku,AAM-VCBS-Extension
AAM-VCBS-d36: OTT | All Devices : VCBS,AAM-VCBS-Extension
AAM-VCBS-d36: OTT | CBS News : Android TV,AAM-VCBS-Extension
AAM-VCBS-d36: OTT | CBS News : Apple TV,AAM-VCBS-Extension
AAM-VCBS-d36: OTT | CBS News : Chromecast,AAM-VCBS-Extension
AAM-VCBS-d36: OTT | CBS News : Fire TV,AAM-VCBS-Extension
AAM-VCBS-d36: OTT | CBS News : Roku,AAM-VCBS-Extension
AAM-VCBS-d36: OTT | CBS Sports : Android TV,AAM-VCBS-Extension
AAM-VCBS-d36: OTT | CBS Sports : Apple TV,AAM-VCBS-Extension
AAM-VCBS-d36: OTT | CBS Sports : Chromecast,AAM-VCBS-Extension
AAM-VCBS-d36: OTT | CBS Sports : Fire TV,AAM-VCBS-Extension
AAM-VCBS-d36: OTT | CBS Sports : Roku,AAM-VCBS-Extension
AAM-VCBS-d36: OTT | CBSTVE : Android TV,AAM-VCBS-Extension
AAM-VCBS-d36: OTT | CBSTVE : Apple TV,AAM-VCBS-Extension
AAM-VCBS-d36: OTT | ET Live : Fire TV,AAM-VCBS-Extension
AAM-VCBS-d36: OTT | ET Live : Roku,AAM-VCBS-Extension
AAM-VCBS-d36: OTT | PPlus : Android TV,AAM-VCBS-Extension
AAM-VCBS-d36: OTT | PPlus : Apple TV,AAM-VCBS-Extension
AAM-VCBS-d6: Extension | Anime : Topic - Comicbook,AAM-VCBS-Extension
AAM-VCBS-d6: Extension | Battle Royal : Genre - Games,AAM-VCBS-Extension
AAM-VCBS-d6: Extension | Call of Duty : Title/Franchise - Games,AAM-VCBS-Extension
AAM-VCBS-d6: Extension | Comics : Topic - Comicbook,AAM-VCBS-Extension
AAM-VCBS-d6: Extension | Games : Topic - Comicbook,AAM-VCBS-Extension
AAM-VCBS-d6: Extension | Nintendo : Platform - Games,AAM-VCBS-Extension
AAM-VCBS-d6: Extension | PC : Platform - Games,AAM-VCBS-Extension
AAM-VCBS-d6: Extension | Playstation : Platform - Games,AAM-VCBS-Extension
AAM-VCBS-d6: Extension | Xbox : Platform - Games,AAM-VCBS-Extension
AAM-acxiom-f19: profiles > entertainment - video games Aug21,AAM-VCBS-Extension
AAM-lotame-f25: profiles > interest - video games Aug21,AAM-VCBS-Extension
AU - DWH - 10 - ID - Summit - Content - 10 News watchers APAC,AU-DWH-Summit
AU - DWH - 10 - ID - Summit - Content - 16 and Pregnant watchers APAC,AU-DWH-Summit
AU - DWH - 10 - ID - Summit - Content - 999 Whats Your Emergency watchers APAC,AU-DWH-Summit
AU - DWH - 10 - ID - Summit - Content - A League Women watchers APAC,AU-DWH-Summit
AU - DWH - 10 - ID - Summit - Content - A Leagues All Access watchers APAC,AU-DWH-Summit
AU - DWH - 10 - ID - Summit - Content - Airport 24 7 watchers APAC,AU-DWH-Summit
AU - DWH - 10 - ID - Summit - Content - All 4 Adventure watchers APAC,AU-DWH-Summit
AU - DWH - 10 - ID - Summit - Content - Ambulance Australia watchers APAC,AU-DWH-Summit
AU - DWH - 10 - ID - Summit - Content - Ambulance UK watchers APAC,AU-DWH-Summit
AU - DWH - 10 - ID - Summit - Content - Anthony Bourdain Parts Unknown watchers APAC,AU-DWH-Summit
AU - DWH - 10 - ID - Summit - Content - Australia Cup watchers APAC,AU-DWH-Summit
AU - DWH - 10 - ID - Summit - Content - Bachelor watchers APAC,AU-DWH-Summit
AU - DWH - 10 - ID - Summit - Content - Bachelorette watchers APAC,AU-DWH-Summit
AU - DWH - 10 - ID - Summit - Content - Becker watchers APAC,AU-DWH-Summit
AU - DWH - 10 - ID - Summit - Content - Being Human UK watchers APAC,AU-DWH-Summit
AU - DWH - 10 - ID - Summit - Content - Being Human US watchers APAC,AU-DWH-Summit
AU - DWH - 10 - ID - Summit - Content - Blue Bloods watchers APAC,AU-DWH-Summit
AU - DWH - 10 - ID - Summit - Content - Bondi Rescue watchers APAC,AU-DWH-Summit
AU - DWH - 10 - ID - Summit - Content - Britains Outlaws Highwaymen Pirates and Rogues watchers APAC,AU-DWH-Summit
AU - DWH - 10 - ID - Summit - Content - Broadchurch watchers APAC,AU-DWH-Summit
AU - DWH - 10 - ID - Summit - Content - Build A New Life In The Country watchers APAC,AU-DWH-Summit
AU - DWH - 10 - ID - Summit - Content - Building The Dream watchers APAC,AU-DWH-Summit
AU - DWH - 10 - ID - Summit - Content - Bull watchers APAC,AU-DWH-Summit
AU - DWH - 10 - ID - Summit - Content - Celebrity Race Across The World watchers APAC,AU-DWH-Summit
AU - DWH - 10 - ID - Summit - Content - Charmed watchers APAC,AU-DWH-Summit
AU - DWH - 10 - ID - Summit - Content - Coasts Rolling With The Waves watchers APAC,AU-DWH-Summit
AU - DWH - 10 - ID - Summit - Content - Continuum watchers APAC,AU-DWH-Summit
AU - DWH - 10 - ID - Summit - Content - Dallas Cowboys Cheerleaders Making The Team watchers APAC,AU-DWH-Summit
AU - DWH - 10 - ID - Summit - Content - Damages watchers APAC,AU-DWH-Summit
AU - DWH - 10 - ID - Summit - Content - Daria watchers APAC,AU-DWH-Summit
AU - DWH - 10 - ID - Summit - Content - David Attenboroughs Parenthood watchers APAC,AU-DWH-Summit
AU - DWH - 10 - ID - Summit - Content - Days Of Our Lives Fast Tracked watchers APAC,AU-DWH-Summit
AU - DWH - 10 - ID - Summit - Content - Deadly Women watchers APAC,AU-DWH-Summit
AU - DWH - 10 - ID - Summit - Content - Deal Or No Deal watchers APAC,AU-DWH-Summit
AU - DWH - 10 - ID - Summit - Content - Dessert Masters watchers APAC,AU-DWH-Summit
AU - DWH - 10 - ID - Summit - Content - Diagnosis Murder watchers APAC,AU-DWH-Summit
AU - DWH - 10 - ID - Summit - Content - Drunk History UK watchers APAC,AU-DWH-Summit
AU - DWH - 10 - ID - Summit - Content - Elsbeth watchers APAC,AU-DWH-Summit
AU - DWH - 10 - ID - Summit - Content - Entertainment Tonight watchers APAC,AU-DWH-Summit
AU - DWH - 10 - ID - Summit - Content - FBI watchers APAC,AU-DWH-Summit
AU - DWH - 10 - ID - Summit - Content - Fake watchers APAC,AU-DWH-Summit
AU - DWH - 10 - ID - Summit - Content - Family Feud US watchers APAC,AU-DWH-Summit
AU - DWH - 10 - ID - Summit - Content - Farm To Fork watchers APAC,AU-DWH-Summit
AU - DWH - 10 - ID - Summit - Content - Finding Carter watchers APAC,AU-DWH-Summit
AU - DWH - 10 - ID - Summit - Content - Fire Country watchers APAC,AU-DWH-Summit
AU - DWH - 10 - ID - Summit - Content - First Dates Australia watchers APAC,AU-DWH-Summit
AU - DWH - 10 - ID - Summit - Content - Five Bedrooms watchers APAC,AU-DWH-Summit
AU - DWH - 10 - ID - Summit - Content - Football watchers APAC,AU-DWH-Summit
AU - DWH - 10 - ID - Summit - Content - Forensic Investigators watchers APAC,AU-DWH-Summit
AU - DWH - 10 - ID - Summit - Content - Formula 1 watchers APAC,AU-DWH-Summit
AU - DWH - 10 - ID - Summit - Content - Frasier watchers APAC,AU-DWH-Summit
AU - DWH - 10 - ID - Summit - Content - Friends watchers APAC,AU-DWH-Summit
AU - DWH - 10 - ID - Summit - Content - General Hospital watchers APAC,AU-DWH-Summit
AU - DWH - 10 - ID - Summit - Content - Ghost Hunters watchers APAC,AU-DWH-Summit
AU - DWH - 10 - ID - Summit - Content - Gogglebox watchers APAC,AU-DWH-Summit
AU - DWH - 10 - ID - Summit - Content - Gold Wars Down Under watchers APAC,AU-DWH-Summit
AU - DWH - 10 - ID - Summit - Content - Good Chef Bad Chef watchers APAC,AU-DWH-Summit
AU - DWH - 10 - ID - Summit - Content - Gordon Ramsays Secret Service watchers APAC,AU-DWH-Summit
AU - DWH - 10 - ID - Summit - Content - HYBPA watchers APAC,AU-DWH-Summit
AU - DWH - 10 - ID - Summit - Content - Hardcore Pawn watchers APAC,AU-DWH-Summit
AU - DWH - 10 - ID - Summit - Content - House Hunters Australia watchers APAC,AU-DWH-Summit
AU - DWH - 10 - ID - Summit - Content - Hunted watchers APAC,AU-DWH-Summit
AU - DWH - 10 - ID - Summit - Content - Iain Stirlings Roast The Internet watchers APAC,AU-DWH-Summit
AU - DWH - 10 - ID - Summit - Content - Im A Celebrity watchers APAC,AU-DWH-Summit
AU - DWH - 10 - ID - Summit - Content - JAG watchers APAC,AU-DWH-Summit
AU - DWH - 10 - ID - Summit - Content - Jamie Oliver Eat Yourself Healthy watchers APAC,AU-DWH-Summit
AU - DWH - 10 - ID - Summit - Content - Jamie: Fast and Simple watchers APAC,AU-DWH-Summit
AU - DWH - 10 - ID - Summit - Content - Jimmy Carrs Am I The Asshole watchers APAC,AU-DWH-Summit
AU - DWH - 10 - ID - Summit - Content - Judge Judy watchers APAC,AU-DWH-Summit
AU - DWH - 10 - ID - Summit - Content - Junior MasterChef USA watchers APAC,AU-DWH-Summit
AU - DWH - 10 - ID - Summit - Content - Just For Laughs Australia watchers APAC,AU-DWH-Summit
AU - DWH - 10 - ID - Summit - Content - Key and Peele watchers APAC,AU-DWH-Summit
AU - DWH - 10 - ID - Summit - Content - Law and Order Special Victims Unit watchers APAC,AU-DWH-Summit
AU - DWH - 10 - ID - Summit - Content - Lingo watchers APAC,AU-DWH-Summit
AU - DWH - 10 - ID - Summit - Content - Love It Or List It Australia watchers APAC,AU-DWH-Summit
AU - DWH - 10 - ID - Summit - Content - MasterChef watchers APAC,AU-DWH-Summit
AU - DWH - 10 - ID - Summit - Content - Matildas watchers APAC,AU-DWH-Summit
AU - DWH - 10 - ID - Summit - Content - Matlock watchers APAC,AU-DWH-Summit
AU - DWH - 10 - ID - Summit - Content - Merlin watchers APAC,AU-DWH-Summit
AU - DWH - 10 - ID - Summit - Content - Millionaire Hot Seat watchers APAC,AU-DWH-Summit
AU - DWH - 10 - ID - Summit - Content - MotoGP watchers APAC,AU-DWH-Summit
AU - DWH - 10 - ID - Summit - Content - Murdertown watchers APAC,AU-DWH-Summit
AU - DWH - 10 - ID - Summit - Content - NCIS watchers APAC,AU-DWH-Summit
AU - DWH - 10 - ID - Summit - Content - Neighbours watchers APAC,AU-DWH-Summit
AU - DWH - 10 - ID - Summit - Content - Numb3rs watchers APAC,AU-DWH-Summit
AU - DWH - 10 - ID - Summit - Content - One Born Every Minute watchers APAC,AU-DWH-Summit
AU - DWH - 10 - ID - Summit - Content - Prisoner watchers APAC,AU-DWH-Summit
AU - DWH - 10 - ID - Summit - Content - Project Runway watchers APAC,AU-DWH-Summit
AU - DWH - 10 - ID - Summit - Content - Race Across The World watchers APAC,AU-DWH-Summit
AU - DWH - 10 - ID - Summit - Content - Racing watchers APAC,AU-DWH-Summit
AU - DWH - 10 - ID - Summit - Content - Ready Steady Cook watchers APAC,AU-DWH-Summit
AU - DWH - 10 - ID - Summit - Content - Rematch watchers APAC,AU-DWH-Summit
AU - DWH - 10 - ID - Summit - Content - Ridiculousness watchers APAC,AU-DWH-Summit
AU - DWH - 10 - ID - Summit - Content - River watchers APAC,AU-DWH-Summit
AU - DWH - 10 - ID - Summit - Content - Rookie Blue watchers APAC,AU-DWH-Summit
AU - DWH - 10 - ID - Summit - Content - Sam Pang Tonight watchers APAC,AU-DWH-Summit
AU - DWH - 10 - ID - Summit - Content - Selling Houses Australia watchers APAC,AU-DWH-Summit
AU - DWH - 10 - ID - Summit - Content - Shark Tank watchers APAC,AU-DWH-Summit
AU - DWH - 10 - ID - Summit - Content - Socceroos watchers APAC,AU-DWH-Summit
AU - DWH - 10 - ID - Summit - Content - South Park watchers APAC,AU-DWH-Summit
AU - DWH - 10 - ID - Summit - Content - SpongeBob SquarePants watchers APAC,AU-DWH-Summit
AU - DWH - 10 - ID - Summit - Content - Sunday Hoops watchers APAC,AU-DWH-Summit
AU - DWH - 10 - ID - Summit - Content - Survivor watchers APAC,AU-DWH-Summit
AU - DWH - 10 - ID - Summit - Content - TBATB watchers APAC,AU-DWH-Summit
AU - DWH - 10 - ID - Summit - Content - Talkin Bout Your Generation watchers APAC,AU-DWH-Summit
AU - DWH - 10 - ID - Summit - Content - Taskmasters watchers APAC,AU-DWH-Summit
AU - DWH - 10 - ID - Summit - Content - Thank God Youre Here watchers APAC,AU-DWH-Summit
AU - DWH - 10 - ID - Summit - Content - The Amazing Race watchers APAC,AU-DWH-Summit
AU - DWH - 10 - ID - Summit - Content - The Big Bang Theory watchers APAC,AU-DWH-Summit
AU - DWH - 10 - ID - Summit - Content - The Bridge US watchers APAC,AU-DWH-Summit
AU - DWH - 10 - ID - Summit - Content - The Brokenwood Mysteries watchers APAC,AU-DWH-Summit
AU - DWH - 10 - ID - Summit - Content - The Charlotte Show watchers APAC,AU-DWH-Summit
AU - DWH - 10 - ID - Summit - Content - The Cheap Seats watchers APAC,AU-DWH-Summit
AU - DWH - 10 - ID - Summit - Content - The Claudia Winkleman Show watchers APAC,AU-DWH-Summit
AU - DWH - 10 - ID - Summit - Content - The Cuckoo watchers APAC,AU-DWH-Summit
AU - DWH - 10 - ID - Summit - Content - The Ex Wife watchers APAC,AU-DWH-Summit
AU - DWH - 10 - ID - Summit - Content - The Finish Line watchers APAC,AU-DWH-Summit
AU - DWH - 10 - ID - Summit - Content - The Gilded Age watchers APAC,AU-DWH-Summit
AU - DWH - 10 - ID - Summit - Content - The Good Doctor watchers APAC,AU-DWH-Summit
AU - DWH - 10 - ID - Summit - Content - The Graham Norton Show Watchers APAC,AU-DWH-Summit
AU - DWH - 10 - ID - Summit - Content - The Graham Norton Show watchers APAC,AU-DWH-Summit
AU - DWH - 10 - ID - Summit - Content - The Inspired Unemployed The List watchers APAC,AU-DWH-Summit
AU - DWH - 10 - ID - Summit - Content - The Island With Bear Grylls watchers APAC,AU-DWH-Summit
AU - DWH - 10 - ID - Summit - Content - The Last Cowboy watchers APAC,AU-DWH-Summit
AU - DWH - 10 - ID - Summit - Content - The Living Room watchers APAC,AU-DWH-Summit
AU - DWH - 10 - ID - Summit - Content - The Masked Singer watchers APAC,AU-DWH-Summit
AU - DWH - 10 - ID - Summit - Content - The Middle watchers APAC,AU-DWH-Summit
AU - DWH - 10 - ID - Summit - Content - The Neighborhood watchers APAC,AU-DWH-Summit
AU - DWH - 10 - ID - Summit - Content - The Office Australia watchers APAC,AU-DWH-Summit
AU - DWH - 10 - ID - Summit - Content - The Project watchers APAC,AU-DWH-Summit
AU - DWH - 10 - ID - Summit - Content - The Real CSI Miami watchers APAC,AU-DWH-Summit
AU - DWH - 10 - ID - Summit - Content - The Shield watchers APAC,AU-DWH-Summit
AU - DWH - 10 - ID - Summit - Content - The Simple Life watchers APAC,AU-DWH-Summit
AU - DWH - 10 - ID - Summit - Content - The Traitors Australia watchers APAC,AU-DWH-Summit
AU - DWH - 10 - ID - Summit - Content - The Traitors India watchers APAC,AU-DWH-Summit
AU - DWH - 10 - ID - Summit - Content - The Traitors UK watchers APAC,AU-DWH-Summit
AU - DWH - 10 - ID - Summit - Content - The Traitors US watchers APAC,AU-DWH-Summit
AU - DWH - 10 - ID - Summit - Content - The Weekly Kick-Off watchers APAC,AU-DWH-Summit
AU - DWH - 10 - ID - Summit - Content - Top Gear Australia watchers APAC,AU-DWH-Summit
AU - DWH - 10 - ID - Summit - Content - Tracker watchers APAC,AU-DWH-Summit
AU - DWH - 10 - ID - Summit - Content - Tyatr Fast Tracked watchers APAC,AU-DWH-Summit
AU - DWH - 10 - ID - Summit - Content - Wheel Of Fortune Australia watchers APAC,AU-DWH-Summit
AU - DWH - 10 - ID - Summit - Content - Wicked Tuna watchers APAC,AU-DWH-Summit
AU - DWH - 10 - ID - Summit - Content - Would I Lie to You watchers APAC,AU-DWH-Summit
AU - DWH - 10 - ID - Summit - Genre - Adventure watchers APAC,AU-DWH-Summit
AU - DWH - 10 - ID - Summit - Genre - Comedy watchers APAC,AU-DWH-Summit
AU - DWH - 10 - ID - Summit - Genre - Crime watchers APAC,AU-DWH-Summit
AU - DWH - 10 - ID - Summit - Genre - Documentary watchers APAC,AU-DWH-Summit
AU - DWH - 10 - ID - Summit - Genre - Drama watchers APAC,AU-DWH-Summit
AU - DWH - 10 - ID - Summit - Genre - Food watchers APAC,AU-DWH-Summit
AU - DWH - 10 - ID - Summit - Genre - Kids watchers APAC,AU-DWH-Summit
AU - DWH - 10 - ID - Summit - Genre - Lifestyle watchers APAC,AU-DWH-Summit
AU - DWH - 10 - ID - Summit - Genre - Light Entertainment watchers APAC,AU-DWH-Summit
AU - DWH - 10 - ID - Summit - Genre - News watchers APAC,AU-DWH-Summit
AU - DWH - 10 - ID - Summit - Genre - Reality watchers APAC,AU-DWH-Summit
AU - DWH - 10 - ID - Summit - Genre - Romance watchers APAC,AU-DWH-Summit
AU - DWH - 10 - ID - Summit - Genre - Sports watchers APAC,AU-DWH-Summit
AU - DWH - PP - ID - Summit - Content - 1883 watchers APAC,AU-DWH-Summit
AU - DWH - PP - ID - Summit - Content - 1923 watchers APAC,AU-DWH-Summit
AU - DWH - PP - ID - Summit - Content - A League watchers APAC,AU-DWH-Summit
AU - DWH - PP - ID - Summit - Content - Aussie Shore watchers APAC,AU-DWH-Summit
AU - DWH - PP - ID - Summit - Content - Blue Bloods watchers APAC,AU-DWH-Summit
AU - DWH - PP - ID - Summit - Content - Boston Blue watchers APAC,AU-DWH-Summit
AU - DWH - PP - ID - Summit - Content - CIA watchers APAC,AU-DWH-Summit
AU - DWH - PP - ID - Summit - Content - CSI watchers APAC,AU-DWH-Summit
AU - DWH - PP - ID - Summit - Content - Celebrity Ex on the Beach watchers APAC,AU-DWH-Summit
AU - DWH - PP - ID - Summit - Content - Charmed watchers APAC,AU-DWH-Summit
AU - DWH - PP - ID - Summit - Content - Criminal Minds watchers APAC,AU-DWH-Summit
AU - DWH - PP - ID - Summit - Content - Dexter watchers APAC,AU-DWH-Summit
AU - DWH - PP - ID - Summit - Content - Dutton Ranch watchers APAC,AU-DWH-Summit
AU - DWH - PP - ID - Summit - Content - Elsbeth watchers APAC,AU-DWH-Summit
AU - DWH - PP - ID - Summit - Content - FBI watchers APAC,AU-DWH-Summit
AU - DWH - PP - ID - Summit - Content - FBI: International watchers APAC,AU-DWH-Summit
AU - DWH - PP - ID - Summit - Content - FBI: Most Wanted watchers APAC,AU-DWH-Summit
AU - DWH - PP - ID - Summit - Content - Fire Country watchers APAC,AU-DWH-Summit
AU - DWH - PP - ID - Summit - Content - Frasier watchers APAC,AU-DWH-Summit
AU - DWH - PP - ID - Summit - Content - Geordie Shore watchers APAC,AU-DWH-Summit
AU - DWH - PP - ID - Summit - Content - Ghosts watchers APAC,AU-DWH-Summit
AU - DWH - PP - ID - Summit - Content - Girl Taken watchers APAC,AU-DWH-Summit
AU - DWH - PP - ID - Summit - Content - Gogglebox Australia watchers APAC,AU-DWH-Summit
AU - DWH - PP - ID - Summit - Content - Hawaii Five-0 watchers APAC,AU-DWH-Summit
AU - DWH - PP - ID - Summit - Content - Jersey Shore: Family Vacation watchers APAC,AU-DWH-Summit
AU - DWH - PP - ID - Summit - Content - Joe Pickett watchers APAC,AU-DWH-Summit
AU - DWH - PP - ID - Summit - Content - King of Queens watchers APAC,AU-DWH-Summit
AU - DWH - PP - ID - Summit - Content - Landman watchers APAC,AU-DWH-Summit
AU - DWH - PP - ID - Summit - Content - Lioness watchers APAC,AU-DWH-Summit
AU - DWH - PP - ID - Summit - Content - Marshals watchers APAC,AU-DWH-Summit
AU - DWH - PP - ID - Summit - Content - Matlock watchers APAC,AU-DWH-Summit
AU - DWH - PP - ID - Summit - Content - Mayor of Kingstown watchers APAC,AU-DWH-Summit
AU - DWH - PP - ID - Summit - Content - Mission Impossible The Final Reckoning watchers APAC,AU-DWH-Summit
AU - DWH - PP - ID - Summit - Content - Mobland watchers APAC,AU-DWH-Summit
AU - DWH - PP - ID - Summit - Content - NCIS watchers APAC,AU-DWH-Summit
AU - DWH - PP - ID - Summit - Content - NCIS: Los Angeles watchers APAC,AU-DWH-Summit
AU - DWH - PP - ID - Summit - Content - NCIS: Origins watchers APAC,AU-DWH-Summit
AU - DWH - PP - ID - Summit - Content - SEAL Team watchers APAC,AU-DWH-Summit
AU - DWH - PP - ID - Summit - Content - School Spirits watchers APAC,AU-DWH-Summit
AU - DWH - PP - ID - Summit - Content - Scorpion watchers APAC,AU-DWH-Summit
AU - DWH - PP - ID - Summit - Content - Scottish Cup watchers APAC,AU-DWH-Summit
AU - DWH - PP - ID - Summit - Content - Sheriff Country watchers APAC,AU-DWH-Summit
AU - DWH - PP - ID - Summit - Content - South Park watchers APAC,AU-DWH-Summit
AU - DWH - PP - ID - Summit - Content - Star Trek: Discovery watchers APAC,AU-DWH-Summit
AU - DWH - PP - ID - Summit - Content - Star Trek: Starfleet Academy watchers APAC,AU-DWH-Summit
AU - DWH - PP - ID - Summit - Content - Star Trek: Strange New Worlds watchers APAC,AU-DWH-Summit
AU - DWH - PP - ID - Summit - Content - The Gilded Age watchers APAC,AU-DWH-Summit
AU - DWH - PP - ID - Summit - Content - The Madison watchers APAC,AU-DWH-Summit
AU - DWH - PP - ID - Summit - Content - The Neighborhood watchers APAC,AU-DWH-Summit
AU - DWH - PP - ID - Summit - Content - Tulsa King watchers APAC,AU-DWH-Summit
AU - DWH - PP - ID - Summit - Content - UFC Fight Night watchers APAC,AU-DWH-Summit
AU - DWH - PP - ID - Summit - Content - UFC watchers APAC,AU-DWH-Summit
AU - DWH - PP - ID - Summit - Content - Watson watchers APAC,AU-DWH-Summit
AU - DWH - PP - ID - Summit - Content - Yellowjackets watchers APAC,AU-DWH-Summit
AU - DWH - PP - ID - Summit - Content - Yellowstone watchers APAC,AU-DWH-Summit
GL-DDA-1P-Holy Hustle,GL-DDA-1P
GL-DDA-1P-MOVIE-A Demons Revenge,GL-DDA-1P
GL-DDA-1P-MOVIE-A_Quiet_Place,GL-DDA-1P
GL-DDA-1P-MOVIE-A_Quiet_Place_Day_One,GL-DDA-1P
GL-DDA-1P-MOVIE-A_Quiet_Place_II,GL-DDA-1P
GL-DDA-1P-MOVIE-Anchorman,GL-DDA-1P
GL-DDA-1P-MOVIE-Apartment_7A,GL-DDA-1P
GL-DDA-1P-MOVIE-Arrival,GL-DDA-1P
GL-DDA-1P-MOVIE-Better_Man,GL-DDA-1P
GL-DDA-1P-MOVIE-Beverly_Hills_Cop,GL-DDA-1P
GL-DDA-1P-MOVIE-Blades_of_Glory,GL-DDA-1P
GL-DDA-1P-MOVIE-Bob_Marley_One_Love,GL-DDA-1P
GL-DDA-1P-MOVIE-Call Her King,GL-DDA-1P
GL-DDA-1P-MOVIE-Clueless,GL-DDA-1P
GL-DDA-1P-MOVIE-Daddy's_Home_2,GL-DDA-1P
GL-DDA-1P-MOVIE-Dear_Santa,GL-DDA-1P
GL-DDA-1P-MOVIE-Echo_in_the_Canyon,GL-DDA-1P
GL-DDA-1P-MOVIE-Eddie and the Cruisers,GL-DDA-1P
GL-DDA-1P-MOVIE-Failure_to_Launch,GL-DDA-1P
GL-DDA-1P-MOVIE-Faster,GL-DDA-1P
GL-DDA-1P-MOVIE-Fatal Detour,GL-DDA-1P
GL-DDA-1P-MOVIE-Ferris_Bueller's_Day_Off,GL-DDA-1P
GL-DDA-1P-MOVIE-Finestkind,GL-DDA-1P
GL-DDA-1P-MOVIE-First_Shift,GL-DDA-1P
GL-DDA-1P-MOVIE-Freediver,GL-DDA-1P
GL-DDA-1P-MOVIE-Gladiator_II,GL-DDA-1P
GL-DDA-1P-MOVIE-Grease,GL-DDA-1P
GL-DDA-1P-MOVIE-Grease_2,GL-DDA-1P
GL-DDA-1P-MOVIE-How_to_Lose_a_Guy_in_10_Days,GL-DDA-1P
GL-DDA-1P-MOVIE-I_See_You,GL-DDA-1P
"GL-DDA-1P-MOVIE-If I Had Legs, I'd Kick You",GL-DDA-1P
GL-DDA-1P-MOVIE-Jack_Reacher,GL-DDA-1P
GL-DDA-1P-MOVIE-Jack_Ryan_Shadow_Recruit,GL-DDA-1P
GL-DDA-1P-MOVIE-Jackass_Forever,GL-DDA-1P
GL-DDA-1P-MOVIE-Kemba,GL-DDA-1P
GL-DDA-1P-MOVIE-Last_Holiday,GL-DDA-1P
GL-DDA-1P-MOVIE-Mean_Girls,GL-DDA-1P
GL-DDA-1P-MOVIE-Milli_Vanilli,GL-DDA-1P
GL-DDA-1P-MOVIE-Mission_Impossible_The_Final_Reckoning,GL-DDA-1P
GL-DDA-1P-MOVIE-Morning_Glory,GL-DDA-1P
GL-DDA-1P-MOVIE-Mother,GL-DDA-1P
GL-DDA-1P-MOVIE-No_Strings_Attached,GL-DDA-1P
GL-DDA-1P-MOVIE-Novocaine,GL-DDA-1P
GL-DDA-1P-MOVIE-Old-School,GL-DDA-1P
GL-DDA-1P-MOVIE-Out_of_Darkness,GL-DDA-1P
GL-DDA-1P-MOVIE-Pain_&_Gain,GL-DDA-1P
GL-DDA-1P-MOVIE-Paranormal_Activity_4,GL-DDA-1P
GL-DDA-1P-MOVIE-Peripheral,GL-DDA-1P
GL-DDA-1P-MOVIE-Pet_Sematary_Blood_Lines,GL-DDA-1P
GL-DDA-1P-MOVIE-Practical_Magic,GL-DDA-1P
GL-DDA-1P-MOVIE-Predators,GL-DDA-1P
GL-DDA-1P-MOVIE-Pretty_in_Pink,GL-DDA-1P
GL-DDA-1P-MOVIE-Roofman,GL-DDA-1P
GL-DDA-1P-MOVIE-Rosemary's_Baby,GL-DDA-1P
GL-DDA-1P-MOVIE-Runaway_Bride,GL-DDA-1P
GL-DDA-1P-MOVIE-Save_The_Last_Dance,GL-DDA-1P
GL-DDA-1P-MOVIE-Scary_Movie,GL-DDA-1P
GL-DDA-1P-MOVIE-Scream-2022,GL-DDA-1P
GL-DDA-1P-MOVIE-Scream-VI,GL-DDA-1P
GL-DDA-1P-MOVIE-September_5,GL-DDA-1P
GL-DDA-1P-MOVIE-She's_The_Man,GL-DDA-1P
GL-DDA-1P-MOVIE-Significant_Other,GL-DDA-1P
GL-DDA-1P-MOVIE-Smile,GL-DDA-1P
GL-DDA-1P-MOVIE-Smile_2,GL-DDA-1P
GL-DDA-1P-MOVIE-South_Park_The_Streaming_Wars,GL-DDA-1P
GL-DDA-1P-MOVIE-Star_Trek_Section_31,GL-DDA-1P
GL-DDA-1P-MOVIE-Swingers,GL-DDA-1P
GL-DDA-1P-MOVIE-Talk_to_Me,GL-DDA-1P
GL-DDA-1P-MOVIE-The Accused,GL-DDA-1P
GL-DDA-1P-MOVIE-The_Back-Up_Plan,GL-DDA-1P
GL-DDA-1P-MOVIE-The_Fighter,GL-DDA-1P
GL-DDA-1P-MOVIE-The_Guardian,GL-DDA-1P
GL-DDA-1P-MOVIE-The_Longest_Yard,GL-DDA-1P
GL-DDA-1P-MOVIE-The_Lost_City,GL-DDA-1P
GL-DDA-1P-MOVIE-The_Naked_Gun,GL-DDA-1P
GL-DDA-1P-MOVIE-The_Pursuit_of_Happyness,GL-DDA-1P
GL-DDA-1P-MOVIE-The_Running_Man,GL-DDA-1P
GL-DDA-1P-MOVIE-To Get Her,GL-DDA-1P
GL-DDA-1P-MOVIE-Top_Gun,GL-DDA-1P
GL-DDA-1P-MOVIE-Top_Gun_Maverick,GL-DDA-1P
GL-DDA-1P-MOVIE-Transformers_Revenge_of_the_Fallen,GL-DDA-1P
GL-DDA-1P-MOVIE-Trophy Wife,GL-DDA-1P
GL-DDA-1P-MOVIE-Tropic_Thunder,GL-DDA-1P
GL-DDA-1P-MOVIE-Usher Rendezvous in Paris,GL-DDA-1P
GL-DDA-1P-MOVIE-Vicious,GL-DDA-1P
GL-DDA-1P-MOVIE-We_Will_Dance_Again,GL-DDA-1P
GL-DDA-1P-MOVIE-Wrong_Turn,GL-DDA-1P
GL-DDA-1P-MOVIE-Zoolander,GL-DDA-1P
GL-DDA-1P-MOVIE_AI_Artificial_Intelligence,GL-DDA-1P
GL-DDA-1P-MOVIE_Almost_Famous,GL-DDA-1P
GL-DDA-1P-MOVIE_Braveheart,GL-DDA-1P
GL-DDA-1P-MOVIE_Forrest_Gump,GL-DDA-1P
GL-DDA-1P-MOVIE_Four_Brothers,GL-DDA-1P
GL-DDA-1P-MOVIE_Gladiator,GL-DDA-1P
GL-DDA-1P-MOVIE_Interstellar,GL-DDA-1P
GL-DDA-1P-MOVIE_Ozzy_No_Escape_From_Now,GL-DDA-1P
GL-DDA-1P-MOVIE_STANS,GL-DDA-1P
GL-DDA-1P-MOVIE_Saving_Private_Ryan,GL-DDA-1P
GL-DDA-1P-MOVIE_Shooter,GL-DDA-1P
GL-DDA-1P-MOVIE_Star_Trek_II_Wrath_of_Khan,GL-DDA-1P
GL-DDA-1P-MOVIE_Teenage_Mutant_Ninja_Turtles_2014,GL-DDA-1P
GL-DDA-1P-MOVIE_Teenage_Mutant_Ninja_Turtles_Out_of_the_Shadows,GL-DDA-1P
GL-DDA-1P-MOVIE_Titanic,GL-DDA-1P
GL-DDA-1P-MOVIE_Transformers_Age_of_Extinction,GL-DDA-1P
GL-DDA-1P-MOVIE_Transformers_Dark_of_the_Moon,GL-DDA-1P
GL-DDA-1P-MOVIE_Turtle_Power_The_Definitive_History_of_the_Teenage_Mutant_Ninja_Turtles,GL-DDA-1P
GL-DDA-1P-MOVIE_Uncharted,GL-DDA-1P
GL-DDA-1P-MOVIE_War_of_the_Worlds,GL-DDA-1P
GL-DDA-1P-MOVIE_We_Were_Soldiers,GL-DDA-1P
GL-DDA-1P-MOVIE_World_War_Z,GL-DDA-1P
GL-DDA-1P-MOVIE_Zoey_102,GL-DDA-1P
GL-DDA-1P-SHOW- As1One_The_Israeli-Palestinian_Pop_Music_Journey,GL-DDA-1P
GL-DDA-1P-SHOW-11_Minutes,GL-DDA-1P
GL-DDA-1P-SHOW-48_Hours,GL-DDA-1P
GL-DDA-1P-SHOW-5-Star,GL-DDA-1P
GL-DDA-1P-SHOW-60_Minutes,GL-DDA-1P
GL-DDA-1P-SHOW-72_Seconds_in_Rittenhouse_Square,GL-DDA-1P
GL-DDA-1P-SHOW-7_Deadly_Sins,GL-DDA-1P
GL-DDA-1P-SHOW-7th_Heaven,GL-DDA-1P
GL-DDA-1P-SHOW-AFC_Champions_League,GL-DDA-1P
GL-DDA-1P-SHOW-A_Grammy_Celebration_of_Latin_Music,GL-DDA-1P
GL-DDA-1P-SHOW-Acapulco_Shore,GL-DDA-1P
GL-DDA-1P-SHOW-Aeon_Flux,GL-DDA-1P
GL-DDA-1P-SHOW-Aerial_America,GL-DDA-1P
GL-DDA-1P-SHOW-Air_Disasters,GL-DDA-1P
GL-DDA-1P-SHOW-Air_Warriors,GL-DDA-1P
GL-DDA-1P-SHOW-All the Queens Men,GL-DDA-1P
GL-DDA-1P-SHOW-America's_Hidden_Stories,GL-DDA-1P
GL-DDA-1P-SHOW-America's_Test_Kitchen,GL-DDA-1P
GL-DDA-1P-SHOW-Antiques_Road_Trip,GL-DDA-1P
GL-DDA-1P-SHOW-Antiques_Roadshow,GL-DDA-1P
GL-DDA-1P-SHOW-Are_You_The_One?,GL-DDA-1P
GL-DDA-1P-SHOW-Awkward,GL-DDA-1P
GL-DDA-1P-SHOW-Basketball_Wives,GL-DDA-1P
GL-DDA-1P-SHOW-Baywatch,GL-DDA-1P
GL-DDA-1P-SHOW-Behind_the_Music,GL-DDA-1P
GL-DDA-1P-SHOW-Beverly_Hills_90210,GL-DDA-1P
GL-DDA-1P-SHOW-Beyond_the_Gates,GL-DDA-1P
GL-DDA-1P-SHOW-Billions,GL-DDA-1P
GL-DDA-1P-SHOW-Black_Ink_Crew_Franchise,GL-DDA-1P
GL-DDA-1P-SHOW-Blue_Bloods,GL-DDA-1P
GL-DDA-1P-SHOW-Born_in_Synanon,GL-DDA-1P
GL-DDA-1P-SHOW-Boston_Blue,GL-DDA-1P
GL-DDA-1P-SHOW-Boys_in_Blue,GL-DDA-1P
GL-DDA-1P-SHOW-Bring It!,GL-DDA-1P
GL-DDA-1P-SHOW-Broad_City,GL-DDA-1P
GL-DDA-1P-SHOW-Bull,GL-DDA-1P
GL-DDA-1P-SHOW-Burden_of_Guilt,GL-DDA-1P
GL-DDA-1P-SHOW-CBS Sports HQ,GL-DDA-1P
GL-DDA-1P-SHOW-CBS_Evening_News,GL-DDA-1P
GL-DDA-1P-SHOW-CBS_Mornings,GL-DDA-1P
GL-DDA-1P-SHOW-CBS_Reports,GL-DDA-1P
GL-DDA-1P-SHOW-CBS_Saturday_Morning,GL-DDA-1P
GL-DDA-1P-SHOW-CSI,GL-DDA-1P
GL-DDA-1P-SHOW-CSI_Miami,GL-DDA-1P
GL-DDA-1P-SHOW-CSI_NY,GL-DDA-1P
GL-DDA-1P-SHOW-CSI_Vegas,GL-DDA-1P
GL-DDA-1P-SHOW-CTRL+ALT+DESIRE,GL-DDA-1P
GL-DDA-1P-SHOW-Californication,GL-DDA-1P
GL-DDA-1P-SHOW-Campfire_Sessions,GL-DDA-1P
GL-DDA-1P-SHOW-Can_You_Keep_a_Secret?,GL-DDA-1P
GL-DDA-1P-SHOW-Carabao_Cup,GL-DDA-1P
GL-DDA-1P-SHOW-Caroline_in_the_City,GL-DDA-1P
GL-DDA-1P-SHOW-Catching_Killers,GL-DDA-1P
GL-DDA-1P-SHOW-Catching_Lightning,GL-DDA-1P
GL-DDA-1P-SHOW-Catfish,GL-DDA-1P
GL-DDA-1P-SHOW-Caught_in_the_Act_Unfaithful,GL-DDA-1P
GL-DDA-1P-SHOW-Celebrity_Deathmatch,GL-DDA-1P
GL-DDA-1P-SHOW-Celebrity_True_Crime_Story,GL-DDA-1P
GL-DDA-1P-SHOW-Chappelle's_Show,GL-DDA-1P
GL-DDA-1P-SHOW-Cheers,GL-DDA-1P
GL-DDA-1P-SHOW-Chopper_Cops,GL-DDA-1P
GL-DDA-1P-SHOW-Churchy,GL-DDA-1P
GL-DDA-1P-SHOW-Coldwater,GL-DDA-1P
GL-DDA-1P-SHOW-Colin_from_Accounts,GL-DDA-1P
GL-DDA-1P-SHOW-College_Hill,GL-DDA-1P
GL-DDA-1P-SHOW-Concacaf,GL-DDA-1P
GL-DDA-1P-SHOW-Cops,GL-DDA-1P
GL-DDA-1P-SHOW-Couples_Retreat,GL-DDA-1P
GL-DDA-1P-SHOW-Couples_Therapy,GL-DDA-1P
GL-DDA-1P-SHOW-Crank_Yankers,GL-DDA-1P
GL-DDA-1P-SHOW-Criminal_Minds,GL-DDA-1P
GL-DDA-1P-SHOW-Crush,GL-DDA-1P
GL-DDA-1P-SHOW-Crutch,GL-DDA-1P
GL-DDA-1P-SHOW-Cybersleuths_The_Idaho_Murders,GL-DDA-1P
GL-DDA-1P-SHOW-DMV,GL-DDA-1P
GL-DDA-1P-SHOW-Daria,GL-DDA-1P
GL-DDA-1P-SHOW-Dark_Shadows,GL-DDA-1P
GL-DDA-1P-SHOW-Dateline_NBC,GL-DDA-1P
GL-DDA-1P-SHOW-Deadlocked_How_America_Shaped_the_Supreme_Court,GL-DDA-1P
GL-DDA-1P-SHOW-Deal_Or_No_Deal,GL-DDA-1P
GL-DDA-1P-SHOW-Degrassi,GL-DDA-1P
GL-DDA-1P-SHOW-Dexter,GL-DDA-1P
GL-DDA-1P-SHOW-Dexter_New_Blood,GL-DDA-1P
GL-DDA-1P-SHOW-Dexter_Original_Sin,GL-DDA-1P
GL-DDA-1P-SHOW-Dexter_Resurrection,GL-DDA-1P
GL-DDA-1P-SHOW-Digman!,GL-DDA-1P
GL-DDA-1P-SHOW-Divorced Sistas,GL-DDA-1P
GL-DDA-1P-SHOW-Don't_Date_Brandon,GL-DDA-1P
GL-DDA-1P-SHOW-Drawn_Together,GL-DDA-1P
GL-DDA-1P-SHOW-Drunk_History,GL-DDA-1P
GL-DDA-1P-SHOW-Dutch III,GL-DDA-1P
GL-DDA-1P-SHOW-EFL,GL-DDA-1P
GL-DDA-1P-SHOW-Everybody_Hates_Chris,GL-DDA-1P
GL-DDA-1P-SHOW-Everybody_Loves_Raymond,GL-DDA-1P
GL-DDA-1P-SHOW-Everybody_Still_Hates_Chris,GL-DDA-1P
GL-DDA-1P-SHOW-Evil,GL-DDA-1P
GL-DDA-1P-SHOW-Extant,GL-DDA-1P
GL-DDA-1P-SHOW-FBI,GL-DDA-1P
GL-DDA-1P-SHOW-FBI_Declassified,GL-DDA-1P
GL-DDA-1P-SHOW-FBI_True,GL-DDA-1P
GL-DDA-1P-SHOW-Face_the_Nation,GL-DDA-1P
GL-DDA-1P-SHOW-Family_Legacy,GL-DDA-1P
GL-DDA-1P-SHOW-Family_Ties,GL-DDA-1P
GL-DDA-1P-SHOW-Fire_Country,GL-DDA-1P
GL-DDA-1P-SHOW-First_Wives_Club,GL-DDA-1P
GL-DDA-1P-SHOW-Flashpoint,GL-DDA-1P
GL-DDA-1P-SHOW-Football_Must_Go_On,GL-DDA-1P
GL-DDA-1P-SHOW-Forensic_Files,GL-DDA-1P
GL-DDA-1P-SHOW-Frasier,GL-DDA-1P
GL-DDA-1P-SHOW-Freakish,GL-DDA-1P
GL-DDA-1P-SHOW-Freaks_and_Geeks,GL-DDA-1P
GL-DDA-1P-SHOW-Fringe,GL-DDA-1P
GL-DDA-1P-SHOW-Georgie_and_Mandy's_First_Marriage,GL-DDA-1P
GL-DDA-1P-SHOW-Ghosts,GL-DDA-1P
GL-DDA-1P-SHOW-Ghosts_UK,GL-DDA-1P
GL-DDA-1P-SHOW-Ghosts_of_Beirut,GL-DDA-1P
GL-DDA-1P-SHOW-Girl_Taken,GL-DDA-1P
GL-DDA-1P-SHOW-Golazo,GL-DDA-1P
GL-DDA-1P-SHOW-Gunsmoke,GL-DDA-1P
GL-DDA-1P-SHOW-Halo,GL-DDA-1P
GL-DDA-1P-SHOW-Happily_Divorced,GL-DDA-1P
GL-DDA-1P-SHOW-Happy_Days,GL-DDA-1P
GL-DDA-1P-SHOW-Happy_Face,GL-DDA-1P
GL-DDA-1P-SHOW-Hate the Player The Ben Johnson Story,GL-DDA-1P
GL-DDA-1P-SHOW-Hawaii_Five-0,GL-DDA-1P
GL-DDA-1P-SHOW-Headliners_with_Rachel_Nichols,GL-DDA-1P
GL-DDA-1P-SHOW-Heartland,GL-DDA-1P
GL-DDA-1P-SHOW-Hell's_Kitchen,GL-DDA-1P
GL-DDA-1P-SHOW-Hit_the_Floor,GL-DDA-1P
GL-DDA-1P-SHOW-Hollywood_Squares,GL-DDA-1P
GL-DDA-1P-SHOW-Hot_in_Cleveland,GL-DDA-1P
GL-DDA-1P-SHOW-House on Fire,GL-DDA-1P
GL-DDA-1P-SHOW-House_of_Lies,GL-DDA-1P
GL-DDA-1P-SHOW-How_Music_Got_Free,GL-DDA-1P
GL-DDA-1P-SHOW-I'm_Dying_Up_Here,GL-DDA-1P
GL-DDA-1P-SHOW-I_Love_Lucy,GL-DDA-1P
GL-DDA-1P-SHOW-Ink_Master,GL-DDA-1P
GL-DDA-1P-SHOW-Inside_Mighty_Machines,GL-DDA-1P
GL-DDA-1P-SHOW-Iron_Chef,GL-DDA-1P
GL-DDA-1P-SHOW-Jackass,GL-DDA-1P
GL-DDA-1P-SHOW-Jeff_and_Some_Aliens,GL-DDA-1P
GL-DDA-1P-SHOW-Jersey_Shore,GL-DDA-1P
GL-DDA-1P-SHOW-Jersey_Shore_Family_Vacation,GL-DDA-1P
GL-DDA-1P-SHOW-Just Tattoo Of Us,GL-DDA-1P
GL-DDA-1P-SHOW-Key_&_Peele,GL-DDA-1P
GL-DDA-1P-SHOW-Kickin'_It,GL-DDA-1P
GL-DDA-1P-SHOW-Killing_Eve,GL-DDA-1P
GL-DDA-1P-SHOW-King_of_Queens,GL-DDA-1P
GL-DDA-1P-SHOW-Kroll_Show,GL-DDA-1P
GL-DDA-1P-SHOW-Landman,GL-DDA-1P
GL-DDA-1P-SHOW-Larger_Than_Life_Reign_of_the_Boybands,GL-DDA-1P
GL-DDA-1P-SHOW-Lawmen_Bass_Reeves,GL-DDA-1P
GL-DDA-1P-SHOW-Life_Unexpected,GL-DDA-1P
GL-DDA-1P-SHOW-Little-Disasters,GL-DDA-1P
GL-DDA-1P-SHOW-Longmire,GL-DDA-1P
GL-DDA-1P-SHOW-Love & Hip Hop Miami,GL-DDA-1P
GL-DDA-1P-SHOW-Love_&_Hip_Hop,GL-DDA-1P
GL-DDA-1P-SHOW-MTV_Biggest_Pop,GL-DDA-1P
GL-DDA-1P-SHOW-MTV_Spankin'_New,GL-DDA-1P
GL-DDA-1P-SHOW-MTV_Unplugged,GL-DDA-1P
GL-DDA-1P-SHOW-MTV_Video_Music_Awards,GL-DDA-1P
GL-DDA-1P-SHOW-Mafia_Spies,GL-DDA-1P
GL-DDA-1P-SHOW-Man_in_the_Middle,GL-DDA-1P
GL-DDA-1P-SHOW-Man_with_a_Plan,GL-DDA-1P
GL-DDA-1P-SHOW-Matlock,GL-DDA-1P
GL-DDA-1P-SHOW-Medium,GL-DDA-1P
GL-DDA-1P-SHOW-Midsomer_Murders,GL-DDA-1P
GL-DDA-1P-SHOW-Mike_Judge's_Beavis_and_Butt-Head,GL-DDA-1P
GL-DDA-1P-SHOW-Mob_Wives,GL-DDA-1P
GL-DDA-1P-SHOW-Mobland,GL-DDA-1P
GL-DDA-1P-SHOW-Moesha,GL-DDA-1P
GL-DDA-1P-SHOW-Moonbeam_City,GL-DDA-1P
GL-DDA-1P-SHOW-More_Soccer,GL-DDA-1P
GL-DDA-1P-SHOW-Ms Pat Settles It,GL-DDA-1P
GL-DDA-1P-SHOW-Murder_360,GL-DDA-1P
GL-DDA-1P-SHOW-Murder_in_the_Thirst,GL-DDA-1P
GL-DDA-1P-SHOW-My_Nightmare_Stalker_The_Eva_LaRue_Story,GL-DDA-1P
GL-DDA-1P-SHOW-NCIS,GL-DDA-1P
GL-DDA-1P-SHOW-NCIS_Hawaii,GL-DDA-1P
GL-DDA-1P-SHOW-NCIS_Los_Angeles,GL-DDA-1P
GL-DDA-1P-SHOW-NCIS_New_Orleans,GL-DDA-1P
GL-DDA-1P-SHOW-NCIS_Origins,GL-DDA-1P
GL-DDA-1P-SHOW-NCIS_Sydney,GL-DDA-1P
GL-DDA-1P-SHOW-NCIS_Tony_and_Ziva,GL-DDA-1P
GL-DDA-1P-SHOW-NWSL,GL-DDA-1P
GL-DDA-1P-SHOW-Naruto,GL-DDA-1P
GL-DDA-1P-SHOW-Never_Seen_Again,GL-DDA-1P
GL-DDA-1P-SHOW-New_Year's_Eve_Live_Nashville's_Biggest_Bash,GL-DDA-1P
GL-DDA-1P-SHOW-Noahs_Arc,GL-DDA-1P
GL-DDA-1P-SHOW-One Piece,GL-DDA-1P
GL-DDA-1P-SHOW-PD_True,GL-DDA-1P
GL-DDA-1P-SHOW-Painkiller_The_Tylenol_Murders,GL-DDA-1P
GL-DDA-1P-SHOW-Perry_Mason,GL-DDA-1P
GL-DDA-1P-SHOW-Pillowcase_Murders,GL-DDA-1P
GL-DDA-1P-SHOW-Pink_Collar_Crimes,GL-DDA-1P
GL-DDA-1P-SHOW-Poppa's_House,GL-DDA-1P
GL-DDA-1P-SHOW-Pulisic,GL-DDA-1P
GL-DDA-1P-SHOW-Rabbit_Hole,GL-DDA-1P
GL-DDA-1P-SHOW-Raid_the_Cage,GL-DDA-1P
GL-DDA-1P-SHOW-Ray_Donovan,GL-DDA-1P
GL-DDA-1P-SHOW-Real_Husbands_of_Hollywood,GL-DDA-1P
GL-DDA-1P-SHOW-Red_Alert,GL-DDA-1P
GL-DDA-1P-SHOW-Reed_Between_The_Lines,GL-DDA-1P
GL-DDA-1P-SHOW-Reinventing_Elvis_The_68_Comeback,GL-DDA-1P
GL-DDA-1P-SHOW-Reno_911!,GL-DDA-1P
GL-DDA-1P-SHOW-RuPaul's_Drag_Race,GL-DDA-1P
GL-DDA-1P-SHOW-RuPauls_Drag_Race,GL-DDA-1P
GL-DDA-1P-SHOW-SWAT,GL-DDA-1P
GL-DDA-1P-SHOW-Sabrina_The_Teenage_Witch,GL-DDA-1P
GL-DDA-1P-SHOW-Sail GP,GL-DDA-1P
GL-DDA-1P-SHOW-Sailor-Moon,GL-DDA-1P
GL-DDA-1P-SHOW-School_Spirits,GL-DDA-1P
GL-DDA-1P-SHOW-Scorpion,GL-DDA-1P
GL-DDA-1P-SHOW-Seal_Team,GL-DDA-1P
GL-DDA-1P-SHOW-Secrets,GL-DDA-1P
GL-DDA-1P-SHOW-Secrets_Unlocked,GL-DDA-1P
GL-DDA-1P-SHOW-Serie_A,GL-DDA-1P
GL-DDA-1P-SHOW-Shameless,GL-DDA-1P
GL-DDA-1P-SHOW-Sheriff_Country,GL-DDA-1P
GL-DDA-1P-SHOW-Sin_City_Gigolo_Murder_in_Las_Vegas,GL-DDA-1P
GL-DDA-1P-SHOW-Single_Ladies,GL-DDA-1P
GL-DDA-1P-SHOW-Sistas,GL-DDA-1P
GL-DDA-1P-SHOW-SkyMed,GL-DDA-1P
GL-DDA-1P-SHOW-South_Park,GL-DDA-1P
GL-DDA-1P-SHOW-Star-Trek-Starfleet-Academy,GL-DDA-1P
GL-DDA-1P-SHOW-Star_Trek_Discovery,GL-DDA-1P
GL-DDA-1P-SHOW-Star_Trek_Lower_Decks,GL-DDA-1P
GL-DDA-1P-SHOW-Star_Trek_Picard,GL-DDA-1P
GL-DDA-1P-SHOW-Star_Trek_The_Next_Generation,GL-DDA-1P
GL-DDA-1P-SHOW-Storytellers,GL-DDA-1P
GL-DDA-1P-SHOW-Sunday_Morning,GL-DDA-1P
GL-DDA-1P-SHOW-Superior_Donuts,GL-DDA-1P
GL-DDA-1P-SHOW-Supreme_Team,GL-DDA-1P
GL-DDA-1P-SHOW-Survivor,GL-DDA-1P
GL-DDA-1P-SHOW-Taxi,GL-DDA-1P
GL-DDA-1P-SHOW-Teen_Mom,GL-DDA-1P
GL-DDA-1P-SHOW-Teen_Mom_Young_and_Pregnant,GL-DDA-1P
GL-DDA-1P-SHOW-The Ms Pat Show,GL-DDA-1P
GL-DDA-1P-SHOW-The_Addams_Family,GL-DDA-1P
GL-DDA-1P-SHOW-The_Agency,GL-DDA-1P
GL-DDA-1P-SHOW-The_Amazing_Race,GL-DDA-1P
GL-DDA-1P-SHOW-The_Andy_Griffith_Show,GL-DDA-1P
GL-DDA-1P-SHOW-The_Best_of_KG_Certified,GL-DDA-1P
GL-DDA-1P-SHOW-The_Best_of_the_Carol_Burnett_Show,GL-DDA-1P
GL-DDA-1P-SHOW-The_Best_of_the_Ed_Sullivan_Show,GL-DDA-1P
GL-DDA-1P-SHOW-The_Beverly_Hillbillies,GL-DDA-1P
GL-DDA-1P-SHOW-The_Billion_Dollar_Goal,GL-DDA-1P
GL-DDA-1P-SHOW-The_Brady_Bunch,GL-DDA-1P
GL-DDA-1P-SHOW-The_Chi,GL-DDA-1P
GL-DDA-1P-SHOW-The_Circus,GL-DDA-1P
GL-DDA-1P-SHOW-The_Comedy_Store,GL-DDA-1P
GL-DDA-1P-SHOW-The_Daily_Show,GL-DDA-1P
GL-DDA-1P-SHOW-The_Dick_Van_Dyke_Show,GL-DDA-1P
GL-DDA-1P-SHOW-The_Drew_Barrymore_Show,GL-DDA-1P
GL-DDA-1P-SHOW-The_Equalizer,GL-DDA-1P
GL-DDA-1P-SHOW-The_Exes,GL-DDA-1P
GL-DDA-1P-SHOW-The_Fresh_Prince_of_Bel_Air,GL-DDA-1P
GL-DDA-1P-SHOW-The_Game,GL-DDA-1P
GL-DDA-1P-SHOW-The_Golden_Globe_Awards,GL-DDA-1P
GL-DDA-1P-SHOW-The_Good_Fight,GL-DDA-1P
GL-DDA-1P-SHOW-The_Grammy_Awards,GL-DDA-1P
GL-DDA-1P-SHOW-The_Guest,GL-DDA-1P
GL-DDA-1P-SHOW-The_Jim_Jeffries_Show,GL-DDA-1P
GL-DDA-1P-SHOW-The_L_Word,GL-DDA-1P
GL-DDA-1P-SHOW-The_Late_Show_with_Stephen_Colbert,GL-DDA-1P
GL-DDA-1P-SHOW-The_Love_Boat,GL-DDA-1P
GL-DDA-1P-SHOW-The_Neighborhood,GL-DDA-1P
GL-DDA-1P-SHOW-The_New_Detectives,GL-DDA-1P
GL-DDA-1P-SHOW-The_New_Edition_Story,GL-DDA-1P
GL-DDA-1P-SHOW-The_Odd_Couple,GL-DDA-1P
GL-DDA-1P-SHOW-The_Offer,GL-DDA-1P
GL-DDA-1P-SHOW-The_Oval,GL-DDA-1P
GL-DDA-1P-SHOW-The_Price_Is_Right,GL-DDA-1P
GL-DDA-1P-SHOW-The_Reagans,GL-DDA-1P
GL-DDA-1P-SHOW-The_Real_CSI_Miami,GL-DDA-1P
GL-DDA-1P-SHOW-The_Soul_Man,GL-DDA-1P
GL-DDA-1P-SHOW-The_Stand,GL-DDA-1P
GL-DDA-1P-SHOW-The_Surreal_Life,GL-DDA-1P
GL-DDA-1P-SHOW-The_Takeout,GL-DDA-1P
GL-DDA-1P-SHOW-The_Tony_Awards,GL-DDA-1P
GL-DDA-1P-SHOW-The_Tudors,GL-DDA-1P
GL-DDA-1P-SHOW-The_Twilight_Zone,GL-DDA-1P
GL-DDA-1P-SHOW-The_Uplift,GL-DDA-1P
GL-DDA-1P-SHOW-The_Walking_Dead,GL-DDA-1P
GL-DDA-1P-SHOW-The_World_According_to_Football,GL-DDA-1P
GL-DDA-1P-SHOW-The_Young_and_the_Restless,GL-DDA-1P
GL-DDA-1P-SHOW-Thirst_Trap_The_Fame_The_Fantasy_The_Fallout,GL-DDA-1P
GL-DDA-1P-SHOW-This_American_Life,GL-DDA-1P
GL-DDA-1P-SHOW-Three's_Company,GL-DDA-1P
GL-DDA-1P-SHOW-Tiny_House_Nation,GL-DDA-1P
GL-DDA-1P-SHOW-Top_Chef,GL-DDA-1P
GL-DDA-1P-SHOW-Tosh.0,GL-DDA-1P
GL-DDA-1P-SHOW-Tracker,GL-DDA-1P
GL-DDA-1P-SHOW-True_Life,GL-DDA-1P
GL-DDA-1P-SHOW-Twenties,GL-DDA-1P
GL-DDA-1P-SHOW-UEFA_Champions_League,GL-DDA-1P
GL-DDA-1P-SHOW-UEFA_Europa_Conference_League,GL-DDA-1P
GL-DDA-1P-SHOW-UEFA_Europa_League,GL-DDA-1P
GL-DDA-1P-SHOW-UEFA_Women's_Champions_League,GL-DDA-1P
GL-DDA-1P-SHOW-UFC,GL-DDA-1P
GL-DDA-1P-SHOW-US_Open,GL-DDA-1P
GL-DDA-1P-SHOW-Ugly_Americans,GL-DDA-1P
GL-DDA-1P-SHOW-Under_the_Dome,GL-DDA-1P
GL-DDA-1P-SHOW-United_States_of_Tara,GL-DDA-1P
GL-DDA-1P-SHOW-Unsolved_Mysteries,GL-DDA-1P
GL-DDA-1P-SHOW-Vindicated,GL-DDA-1P
GL-DDA-1P-SHOW-Waco_The_Aftermath,GL-DDA-1P
GL-DDA-1P-SHOW-Watson,GL-DDA-1P
GL-DDA-1P-SHOW-Whistleblower,GL-DDA-1P
GL-DDA-1P-SHOW-Why_Women_Kill,GL-DDA-1P
GL-DDA-1P-SHOW-Wild_N_Out,GL-DDA-1P
GL-DDA-1P-SHOW-Wildboyz,GL-DDA-1P
GL-DDA-1P-SHOW-Willie_Nelson_&_Family,GL-DDA-1P
GL-DDA-1P-SHOW-Wings,GL-DDA-1P
GL-DDA-1P-SHOW-Wonder_Showzen,GL-DDA-1P
GL-DDA-1P-SHOW-Yellowjackets,GL-DDA-1P
GL-DDA-1P-SHOW-Your_Honor,GL-DDA-1P
GL-DDA-1P-SHOW-Yu-Gi-Oh!,GL-DDA-1P
GL-DDA-1P-SHOW-Zatima,GL-DDA-1P
GL-DDA-1P-SHOW-Ziwe,GL-DDA-1P
GL-DDA-1P-SHOW-Zuffa_Boxing,GL-DDA-1P
GL-DDA-1P-SHOW-iCarly,GL-DDA-1P
GL-DDA-1P-SHOW_100_Days_to_Indy,GL-DDA-1P
GL-DDA-1P-SHOW_16_and_Pregnant,GL-DDA-1P
GL-DDA-1P-SHOW_1883,GL-DDA-1P
GL-DDA-1P-SHOW_1923,GL-DDA-1P
GL-DDA-1P-SHOW_ARK_The_Animated_Series,GL-DDA-1P
GL-DDA-1P-SHOW_A_Gentleman_in_Moscow,GL-DDA-1P
GL-DDA-1P-SHOW_After_Midnight,GL-DDA-1P
GL-DDA-1P-SHOW_Are_You_Smarter_Than_A_Fifth_Grader?,GL-DDA-1P
GL-DDA-1P-SHOW_B1G_Football_on_CBS,GL-DDA-1P
GL-DDA-1P-SHOW_Bar_Rescue,GL-DDA-1P
GL-DDA-1P-SHOW_Being_Mary_Jane,GL-DDA-1P
GL-DDA-1P-SHOW_Bellator_MMA,GL-DDA-1P
GL-DDA-1P-SHOW_Big_Brother,GL-DDA-1P
GL-DDA-1P-SHOW_Brotherhood,GL-DDA-1P
GL-DDA-1P-SHOW_CMT_Crossroads,GL-DDA-1P
GL-DDA-1P-SHOW_Celebrity_Big_Brother,GL-DDA-1P
GL-DDA-1P-SHOW_Cheaters,GL-DDA-1P
GL-DDA-1P-SHOW_Combate_Global,GL-DDA-1P
GL-DDA-1P-SHOW_Dog_the_Bounty_Hunter,GL-DDA-1P
GL-DDA-1P-SHOW_Double_Shot_at_Love,GL-DDA-1P
GL-DDA-1P-SHOW_Dreaming_Whilst_Black,GL-DDA-1P
GL-DDA-1P-SHOW_Elsbeth,GL-DDA-1P
GL-DDA-1P-SHOW_Ex_on_the_Beach,GL-DDA-1P
GL-DDA-1P-SHOW_Fear_Factor,GL-DDA-1P
GL-DDA-1P-SHOW_Flashpoint,GL-DDA-1P
GL-DDA-1P-SHOW_Floribama_Shore,GL-DDA-1P
GL-DDA-1P-SHOW_Games_People_Play,GL-DDA-1P
GL-DDA-1P-SHOW_Geordie_Shore,GL-DDA-1P
GL-DDA-1P-SHOW_Greatest_@_Home_Videos,GL-DDA-1P
GL-DDA-1P-SHOW_Help!_I'm_in_a_Secret_Relationship!,GL-DDA-1P
GL-DDA-1P-SHOW_Ink_Master_Angels,GL-DDA-1P
GL-DDA-1P-SHOW_Ink_Master_Grudge_Match,GL-DDA-1P
GL-DDA-1P-SHOW_Ink_Master_Redemption,GL-DDA-1P
GL-DDA-1P-SHOW_Jericho,GL-DDA-1P
GL-DDA-1P-SHOW_Joe_Pickett,GL-DDA-1P
GL-DDA-1P-SHOW_Judge_Judy,GL-DDA-1P
GL-DDA-1P-SHOW_Julia_at_Home,GL-DDA-1P
GL-DDA-1P-SHOW_Laguna_Beach,GL-DDA-1P
GL-DDA-1P-SHOW_Let's_Make_A_Deal,GL-DDA-1P
GL-DDA-1P-SHOW_Lindsay_Lohan's_Beach_Club,GL-DDA-1P
GL-DDA-1P-SHOW_Lingo,GL-DDA-1P
GL-DDA-1P-SHOW_Lioness,GL-DDA-1P
GL-DDA-1P-SHOW_MTV_Cribs,GL-DDA-1P
GL-DDA-1P-SHOW_MacGyver,GL-DDA-1P
GL-DDA-1P-SHOW_Marriage_Rescue,GL-DDA-1P
GL-DDA-1P-SHOW_Marshals,GL-DDA-1P
GL-DDA-1P-SHOW_Mayor_of_Kingstown,GL-DDA-1P
GL-DDA-1P-SHOW_Melrose_Place,GL-DDA-1P
GL-DDA-1P-SHOW_NFL_on_CBS,GL-DDA-1P
GL-DDA-1P-SHOW_PBR_Unleash_the_Beast,GL-DDA-1P
GL-DDA-1P-SHOW_Punk'd,GL-DDA-1P
GL-DDA-1P-SHOW_Rawhide,GL-DDA-1P
GL-DDA-1P-SHOW_Rescue_911,GL-DDA-1P
GL-DDA-1P-SHOW_Ridiculousness,GL-DDA-1P
GL-DDA-1P-SHOW_Rifleman,GL-DDA-1P
GL-DDA-1P-SHOW_Rome's_Chariot_Superstars,GL-DDA-1P
GL-DDA-1P-SHOW_RuPaul's_Drag_Race_All_Stars_Untucked,GL-DDA-1P
GL-DDA-1P-SHOW_Siesta_Key,GL-DDA-1P
GL-DDA-1P-SHOW_Sports_Detectives,GL-DDA-1P
GL-DDA-1P-SHOW_Star_Trek_Strange_New_Worlds,GL-DDA-1P
GL-DDA-1P-SHOW_Stargate,GL-DDA-1P
GL-DDA-1P-SHOW_Teen_Mom_2,GL-DDA-1P
GL-DDA-1P-SHOW_Teen_Mom_Family_Reunion,GL-DDA-1P
GL-DDA-1P-SHOW_Teen_Mom_The_Next_Chapter,GL-DDA-1P
GL-DDA-1P-SHOW_The_Bold_and_the_Beautiful,GL-DDA-1P
GL-DDA-1P-SHOW_The_Challenge,GL-DDA-1P
GL-DDA-1P-SHOW_The_City,GL-DDA-1P
GL-DDA-1P-SHOW_The_Family_Stallone,GL-DDA-1P
GL-DDA-1P-SHOW_The_Hills,GL-DDA-1P
GL-DDA-1P-SHOW_The_Kings,GL-DDA-1P
GL-DDA-1P-SHOW_The_Last_Cowboy,GL-DDA-1P
GL-DDA-1P-SHOW_The_Real_Husbands_of_Hollywood,GL-DDA-1P
GL-DDA-1P-SHOW_The_Real_World,GL-DDA-1P
GL-DDA-1P-SHOW_The_Road,GL-DDA-1P
GL-DDA-1P-SHOW_The_Woman_in_the_Wall,GL-DDA-1P
GL-DDA-1P-SHOW_Top_Gear,GL-DDA-1P
GL-DDA-1P-SHOW_Tough_As_Nails,GL-DDA-1P
GL-DDA-1P-SHOW_Tulsa_King,GL-DDA-1P
GL-DDA-1P-SHOW_World_Series_of_Poker,GL-DDA-1P
GL-DDA-1P-Show-Hot_Bench,GL-DDA-1P
GL-DDA-1P-UFC_Fight_Night,GL-DDA-1P
GL-DDA-1P_21_Jump_Street,GL-DDA-1P
GL-DDA-1P_22_Jump_Street,GL-DDA-1P
GL-DDA-1P_A_Force_Of_One,GL-DDA-1P
GL-DDA-1P_A_I__Artificial_Intelligence,GL-DDA-1P
GL-DDA-1P_A_Night_in_Old_Mexico,GL-DDA-1P
GL-DDA-1P_America_s_Culinary_Cup,GL-DDA-1P
GL-DDA-1P_American_Pickers,GL-DDA-1P
GL-DDA-1P_Angel_Heart,GL-DDA-1P
GL-DDA-1P_Antiques_Roadshow_UK,GL-DDA-1P
GL-DDA-1P_Are_We_There_Yet_,GL-DDA-1P
GL-DDA-1P_Bargain,GL-DDA-1P
GL-DDA-1P_Bram_Stoker_s_Dracula,GL-DDA-1P
GL-DDA-1P_Breakdown,GL-DDA-1P
GL-DDA-1P_CBS_News_24_7,GL-DDA-1P
GL-DDA-1P_CBS_News_24_7_Mornings,GL-DDA-1P
GL-DDA-1P_CIA,GL-DDA-1P
GL-DDA-1P_Carl_Weber_s_The_Family_Business,GL-DDA-1P
GL-DDA-1P_Carrie_1976,GL-DDA-1P
GL-DDA-1P_Carrie_2013,GL-DDA-1P
GL-DDA-1P_Celebrity_Ex_on_the_Beach,GL-DDA-1P
GL-DDA-1P_Chick_Fight,GL-DDA-1P
GL-DDA-1P_Child_s_Play,GL-DDA-1P
GL-DDA-1P_Classic_Doctor_Who,GL-DDA-1P
GL-DDA-1P_Cloverfield,GL-DDA-1P
GL-DDA-1P_Colleen_Hoover_s_Regretting_You,GL-DDA-1P
GL-DDA-1P_Cotton_Comes_To_Harlem,GL-DDA-1P
GL-DDA-1P_Crawl,GL-DDA-1P
GL-DDA-1P_Crime_360,GL-DDA-1P
GL-DDA-1P_Dances_with_Wolves,GL-DDA-1P
GL-DDA-1P_Dating_Naked_UK,GL-DDA-1P
GL-DDA-1P_Death_in_Paradise,GL-DDA-1P
GL-DDA-1P_Devon,GL-DDA-1P
GL-DDA-1P_Dog_Whisperer,GL-DDA-1P
GL-DDA-1P_Don_t_Be_Afraid_of_the_Dark,GL-DDA-1P
GL-DDA-1P_Dreamgirls,GL-DDA-1P
GL-DDA-1P_Dutton_Ranch,GL-DDA-1P
GL-DDA-1P_Eurotrip,GL-DDA-1P
GL-DDA-1P_Evil_Dead_II,GL-DDA-1P
GL-DDA-1P_Family_Feud,GL-DDA-1P
GL-DDA-1P_Fast_Color,GL-DDA-1P
GL-DDA-1P_Feast_of_Love,GL-DDA-1P
GL-DDA-1P_Florence_Foster_Jenkins,GL-DDA-1P
GL-DDA-1P_Footloose,GL-DDA-1P
GL-DDA-1P_Formula_1_Racing,GL-DDA-1P
GL-DDA-1P_Four_Weddings_and_a_Funeral,GL-DDA-1P
GL-DDA-1P_Frankie___Johnny,GL-DDA-1P
GL-DDA-1P_Friday,GL-DDA-1P
GL-DDA-1P_Friday_the_13th_Part_IV__The_Final_Chapter,GL-DDA-1P
GL-DDA-1P_From,GL-DDA-1P
GL-DDA-1P_From_Paris_With_Love,GL-DDA-1P
GL-DDA-1P_Get_Out,GL-DDA-1P
GL-DDA-1P_Get_Over_It,GL-DDA-1P
GL-DDA-1P_Good_Burger,GL-DDA-1P
GL-DDA-1P_Good_Guys_Wear_Black,GL-DDA-1P
GL-DDA-1P_Good_Will_Hunting,GL-DDA-1P
GL-DDA-1P_Hacked,GL-DDA-1P
GL-DDA-1P_Hallmark_Movies___More,GL-DDA-1P
GL-DDA-1P_Handsome_Devil_-_Charming_Killer,GL-DDA-1P
GL-DDA-1P_Heartburn,GL-DDA-1P
GL-DDA-1P_Hogan_s_Heroes,GL-DDA-1P
GL-DDA-1P_Hot_Tub_Time_Machine,GL-DDA-1P
GL-DDA-1P_Hot_Tub_Time_Machine_2,GL-DDA-1P
GL-DDA-1P_INTL___All_the_Devils_are_Here,GL-DDA-1P
GL-DDA-1P_INTL___Madame_X,GL-DDA-1P
GL-DDA-1P_INTL___Project_Almanac,GL-DDA-1P
GL-DDA-1P_INTL___The_Children_of_October_7th,GL-DDA-1P
GL-DDA-1P_I_Know_What_You_Did_Last_Summer,GL-DDA-1P
GL-DDA-1P_Islands_of_Creation,GL-DDA-1P
GL-DDA-1P_Jackass_Presents-_Bad_Grandpa,GL-DDA-1P
GL-DDA-1P_Kim_Kardashian_West-_Hollywood_Royalty,GL-DDA-1P
GL-DDA-1P_Kiss_The_Girls,GL-DDA-1P
GL-DDA-1P_Lady_Bloodfight,GL-DDA-1P
GL-DDA-1P_Last_Of_The_Red_Hot_Lovers,GL-DDA-1P
GL-DDA-1P_Law___Order,GL-DDA-1P
GL-DDA-1P_Law___Order_Criminal_Intent,GL-DDA-1P
GL-DDA-1P_Lenny,GL-DDA-1P
GL-DDA-1P_Life_of_a_King,GL-DDA-1P
GL-DDA-1P_Lone_Wolf_McQuade,GL-DDA-1P
GL-DDA-1P_Love___Hip_Hop-_Atlanta,GL-DDA-1P
GL-DDA-1P_Love_and_Death,GL-DDA-1P
GL-DDA-1P_Luther,GL-DDA-1P
GL-DDA-1P_MAFIA,GL-DDA-1P
GL-DDA-1P_MST3K_Shorts,GL-DDA-1P
GL-DDA-1P_Mama_s_Family,GL-DDA-1P
GL-DDA-1P_Margot_at_the_Wedding,GL-DDA-1P
GL-DDA-1P_Married_To_the_Mob,GL-DDA-1P
GL-DDA-1P_Martha_Stewart_Living,GL-DDA-1P
GL-DDA-1P_Meatballs,GL-DDA-1P
GL-DDA-1P_Missing_in_Action,GL-DDA-1P
GL-DDA-1P_Mission_Impossible_-_Rogue_Nation,GL-DDA-1P
GL-DDA-1P_Mission_Impossible_Ghost_Protocol,GL-DDA-1P
GL-DDA-1P_Modus_Darts,GL-DDA-1P
GL-DDA-1P_Monster_Jam_Stadium_Championship_Series,GL-DDA-1P
GL-DDA-1P_MythBusters,GL-DDA-1P
GL-DDA-1P_No_Escape,GL-DDA-1P
GL-DDA-1P_Out_Of_Time,GL-DDA-1P
GL-DDA-1P_Overlord,GL-DDA-1P
GL-DDA-1P_Panic_room,GL-DDA-1P
GL-DDA-1P_Penny_Dreadful,GL-DDA-1P
GL-DDA-1P_Primate,GL-DDA-1P
GL-DDA-1P_Quigley_Down_Under,GL-DDA-1P
GL-DDA-1P_Rizzoli___Isles,GL-DDA-1P
GL-DDA-1P_RuPaul_s_Drag_Race_-_All_Stars,GL-DDA-1P
GL-DDA-1P_Scary_Movie_2,GL-DDA-1P
GL-DDA-1P_Scary_Movie_3,GL-DDA-1P
GL-DDA-1P_Selena,GL-DDA-1P
GL-DDA-1P_Sense_And_Sensibility,GL-DDA-1P
GL-DDA-1P_Shootfighter_II,GL-DDA-1P
GL-DDA-1P_Sleepy_Hollow,GL-DDA-1P
GL-DDA-1P_Snowpiercer,GL-DDA-1P
GL-DDA-1P_Soul_Plane,GL-DDA-1P
GL-DDA-1P_Star_Trek,GL-DDA-1P
GL-DDA-1P_Star_Trek_Beyond,GL-DDA-1P
GL-DDA-1P_Steel_Magnolias,GL-DDA-1P
GL-DDA-1P_Strange_Harvest,GL-DDA-1P
GL-DDA-1P_Swerve_Sports,GL-DDA-1P
GL-DDA-1P_Sydney_White,GL-DDA-1P
GL-DDA-1P_Tank_Girl,GL-DDA-1P
GL-DDA-1P_Tender_Mercies,GL-DDA-1P
GL-DDA-1P_Terrifier,GL-DDA-1P
GL-DDA-1P_Terrifier_2,GL-DDA-1P
GL-DDA-1P_Terrifier_3,GL-DDA-1P
GL-DDA-1P_The Madison,GL-DDA-1P
GL-DDA-1P_The_4-30_Movie,GL-DDA-1P
GL-DDA-1P_The_Challenge_-_World_Championship,GL-DDA-1P
GL-DDA-1P_The_Closer,GL-DDA-1P
GL-DDA-1P_The_Delta_Force,GL-DDA-1P
GL-DDA-1P_The_Duel,GL-DDA-1P
GL-DDA-1P_The_Godfather_Part_II,GL-DDA-1P
GL-DDA-1P_The_Homesman,GL-DDA-1P
GL-DDA-1P_The_Joy_of_Painting_with_Bob_Ross,GL-DDA-1P
GL-DDA-1P_The_Long_Walk_Home,GL-DDA-1P
GL-DDA-1P_The_Madison,GL-DDA-1P
GL-DDA-1P_The_Masters,GL-DDA-1P
GL-DDA-1P_The_Octagon,GL-DDA-1P
GL-DDA-1P_The_Ring,GL-DDA-1P
GL-DDA-1P_The_Russia_House,GL-DDA-1P
GL-DDA-1P_Thelma___Louise,GL-DDA-1P
GL-DDA-1P_This_Old_House,GL-DDA-1P
GL-DDA-1P_Timecop,GL-DDA-1P
GL-DDA-1P_Transformers_One,GL-DDA-1P
GL-DDA-1P_True_Grit,GL-DDA-1P
GL-DDA-1P_Twin_Peaks,GL-DDA-1P
GL-DDA-1P_Untamed_Heart,GL-DDA-1P
GL-DDA-1P_Urban_Cowboy,GL-DDA-1P
GL-DDA-1P_War_Dawgz,GL-DDA-1P
GL-DDA-1P_Warm_Bodies,GL-DDA-1P
GL-DDA-1P_Wayne_s_World,GL-DDA-1P
GL-DDA-1P_Wayne_s_World_2,GL-DDA-1P
GL-DDA-1P_Wedding_Daze,GL-DDA-1P
GL-DDA-1P_Wild_Bill,GL-DDA-1P
GL-DDA-1P_Woman_Walks_Ahead,GL-DDA-1P
GL-DDA-1P_Young_Adult,GL-DDA-1P
GL-DDA-1P_Younger,GL-DDA-1P
GL-DDA-1P_Zodiac,GL-DDA-1P
comScore > Over-the-top & Gaming (US) > OTT Streaming > Amazon OTT Watchers,comScore
comScore > Over-the-top & Gaming (US) > OTT Streaming > Hulu OTT Watchers,comScore
comScore > Over-the-top & Gaming (US) > OTT Streaming > Netflix OTT Watchers,comScore
comScore > Over-the-top & Gaming (US) > OTT Streaming > OTT Watchers,comScore
comScore > Over-the-top & Gaming (US) > OTT Streaming > YouTube OTT Watchers,comScore
comScore > TV Segments (US) > Network > A&E,comScore
comScore > TV Segments (US) > Network > BET: Black Entertainment Television,comScore
comScore > TV Segments (US) > Network > Bravo,comScore
comScore > TV Segments (US) > Network > CBS,comScore
comScore > TV Segments (US) > Network > CMT: Country Music Television,comScore
comScore > TV Segments (US) > Network > Cinemax,comScore
comScore > TV Segments (US) > Network > Comedy Central,comScore
comScore > TV Segments (US) > Network > E! - Entertainment Television,comScore
comScore > TV Segments (US) > Network > ESPN,comScore
comScore > TV Segments (US) > Network > FX Network,comScore
comScore > TV Segments (US) > Network > Food Network,comScore
comScore > TV Segments (US) > Network > Golf Channel,comScore
comScore > TV Segments (US) > Network > HBO,comScore
comScore > TV Segments (US) > Network > History Channel,comScore
comScore > TV Segments (US) > Network > MTV: Music Television,comScore
comScore > TV Segments (US) > Network > Showtime,comScore
comScore > TV Segments (US) > Network > Spike TV,comScore
comScore > TV Segments (US) > Network > Syfy,comScore
comScore > TV Segments (US) > Network > TNT: Turner Network Television,comScore
comScore > TV Segments (US) > Network > VH1,comScore
